SalesID,Date,CustomerID,ProductID,StoreID,EmployeeID,Quantity,Unit Price,Discount %,Sales Amount,Cost,Profit,Payment Method
1,2025-03-09,C0156,P026,S06,E014,3,17.83,0.1,48.14,48,0.14,Mobile
2,2025-04-27,C0010,P039,S10,E017,9,258.64,0.0,2327.76,1458,869.76,Cash
3,2025-12-11,C0095,P001,S09,E002,2,24.41,0.1,43.94,28,15.94,Transfer
4,2026-05-12,C0163,P002,S02,E018,10,274.71,0.0,2747.1,2450,297.1,Mobile
5,2025-06-14,C0084,P028,S06,E007,6,442.13,0.0,2652.78,1596,1056.78,Card
6,2025-04-21,C0104,P007,S06,E017,10,107.51,0.05,1021.34,910,111.34,Mobile
7,2025-09-24,C0156,P001,S06,E002,6,24.41,0.1,131.81,84,47.81,Cash
8,2026-02-11,C0141,P019,S05,E019,4,186.03,0.1,669.71,504,165.71,Cash
9,2025-10-01,C0106,P038,S02,E005,2,176.65,0.05,335.64,226,109.64,Transfer
10,2025-08-29,C0054,P049,S02,E009,9,328.89,0.1,2664.01,2664,0.01,Mobile
11,2025-07-28,C0140,P004,S02,E018,1,45.02,0.1,40.52,29,11.52,Transfer
12,2026-06-13,C0035,P010,S01,E015,6,50.88,0.1,274.75,228,46.75,Transfer
13,2025-11-20,C0107,P034,S03,E018,1,198.57,0.0,198.57,132,66.57,Cash
14,2025-07-08,C0051,P046,S04,E004,10,17.63,0.15,149.85,110,39.85,Card
15,2025-09-30,C0118,P040,S04,E002,10,80.3,0.0,803.0,550,253.0,Transfer
16,2025-12-30,C0057,P050,S01,E001,8,477.56,0.1,3438.43,2280,1158.43,Mobile
17,2025-09-17,C0142,P005,S01,E001,1,119.18,0.05,113.22,81,32.22,Card
18,2025-02-05,C0136,P034,S04,E007,2,198.57,0.05,377.28,264,113.28,Mobile
19,2026-05-18,C0130,P008,S06,E011,5,216.88,0.05,1030.18,695,335.18,Mobile
20,2025-07-05,C0049,P005,S10,E010,2,119.18,0.05,226.44,162,64.44,Mobile
21,2026-01-08,C0006,P004,S08,E001,10,45.02,0.15,382.67,290,92.67,Cash
22,2025-12-18,C0087,P013,S02,E014,10,182.89,0.15,1554.56,1370,184.56,Card
23,2026-05-29,C0123,P003,S10,E019,9,303.16,0.15,2319.17,1971,348.17,Mobile
24,2025-06-19,C0069,P025,S09,E010,10,345.2,0.15,2934.2,2960,-25.8,Mobile
25,2025-09-19,C0080,P029,S01,E020,10,162.04,0.1,1458.36,1120,338.36,Cash
26,2025-12-31,C0060,P027,S09,E015,8,144.07,0.15,979.68,760,219.68,Card
27,2025-05-29,C0099,P033,S07,E002,8,126.43,0.1,910.3,880,30.3,Cash
28,2025-09-19,C0193,P003,S09,E002,6,303.16,0.0,1818.96,1314,504.96,Transfer
29,2025-11-29,C0087,P024,S05,E019,7,293.47,0.0,2054.29,1736,318.29,Cash
30,2025-12-03,C0031,P030,S02,E005,4,388.69,0.0,1554.76,1200,354.76,Transfer
31,2025-08-27,C0007,P012,S03,E017,7,317.68,0.1,2001.38,1442,559.38,Transfer
32,2026-01-23,C0108,P039,S09,E015,5,258.64,0.1,1163.88,810,353.88,Cash
33,2025-08-26,C0156,P006,S01,E020,4,421.8,0.15,1434.12,1008,426.12,Card
34,2026-02-09,C0098,P039,S04,E020,4,258.64,0.05,982.83,648,334.83,Card
35,2025-01-02,C0183,P032,S05,E015,5,426.8,0.1,1920.6,1495,425.6,Mobile
36,2025-02-01,C0095,P027,S07,E018,3,144.07,0.05,410.6,285,125.6,Transfer
37,2025-11-22,C0155,P047,S02,E019,9,165.58,0.15,1266.69,1323,-56.31,Transfer
38,2026-03-16,C0003,P017,S05,E003,9,146.38,0.1,1185.68,927,258.68,Mobile
39,2025-09-29,C0112,P042,S06,E008,2,302.99,0.05,575.68,474,101.68,Cash
40,2025-05-13,C0075,P028,S01,E003,2,442.13,0.05,840.05,532,308.05,Card
41,2026-03-10,C0188,P002,S01,E003,1,274.71,0.0,274.71,245,29.71,Cash
42,2025-12-14,C0086,P025,S01,E020,1,345.2,0.0,345.2,296,49.2,Cash
43,2026-04-26,C0052,P017,S05,E010,9,146.38,0.05,1251.55,927,324.55,Transfer
44,2025-08-04,C0101,P048,S01,E008,4,310.27,0.05,1179.03,900,279.03,Mobile
45,2025-12-01,C0105,P047,S02,E001,1,165.58,0.1,149.02,147,2.02,Card
46,2025-07-09,C0056,P032,S04,E006,9,426.8,0.0,3841.2,2691,1150.2,Transfer
47,2025-11-18,C0186,P003,S03,E003,2,303.16,0.0,606.32,438,168.32,Mobile
48,2025-02-14,C0192,P030,S05,E012,3,388.69,0.05,1107.77,900,207.77,Cash
49,2026-03-30,C0052,P046,S04,E006,10,17.63,0.0,176.3,110,66.3,Cash
50,2025-02-25,C0192,P048,S02,E003,1,310.27,0.05,294.76,225,69.76,Card
51,2026-06-24,C0109,P041,S04,E002,5,262.34,0.1,1180.53,790,390.53,Transfer
52,2025-12-25,C0092,P001,S08,E020,4,24.41,0.1,87.88,56,31.88,Mobile
53,2026-03-13,C0063,P016,S08,E011,7,95.32,0.0,667.24,602,65.24,Card
54,2025-09-03,C0019,P009,S07,E009,10,252.01,0.0,2520.1,1930,590.1,Transfer
55,2026-02-24,C0117,P036,S06,E012,6,296.82,0.1,1602.83,1302,300.83,Transfer
56,2026-06-08,C0005,P044,S06,E005,7,218.87,0.15,1302.28,945,357.28,Transfer
57,2025-05-10,C0141,P009,S03,E006,3,252.01,0.1,680.43,579,101.43,Mobile
58,2025-06-14,C0021,P034,S10,E009,3,198.57,0.05,565.92,396,169.92,Card
59,2025-06-25,C0071,P007,S08,E010,6,107.51,0.1,580.55,546,34.55,Cash
60,2025-12-28,C0116,P010,S02,E005,7,50.88,0.05,338.35,266,72.35,Transfer
61,2026-05-07,C0137,P038,S01,E002,2,176.65,0.05,335.64,226,109.64,Card
62,2026-06-04,C0091,P009,S09,E012,6,252.01,0.1,1360.85,1158,202.85,Transfer
63,2026-01-20,C0009,P013,S05,E020,2,182.89,0.05,347.49,274,73.49,Card
64,2025-11-08,C0084,P006,S10,E013,1,421.8,0.05,400.71,252,148.71,Card
65,2025-08-26,C0075,P001,S10,E001,6,24.41,0.0,146.46,84,62.46,Card
66,2025-08-17,C0095,P045,S09,E009,2,321.9,0.05,611.61,412,199.61,Card
67,2025-03-19,C0080,P016,S10,E017,3,95.32,0.05,271.66,258,13.66,Mobile
68,2025-07-07,C0132,P044,S06,E007,8,218.87,0.15,1488.32,1080,408.32,Mobile
69,2025-07-30,C0059,P019,S03,E005,2,186.03,0.1,334.85,252,82.85,Card
70,2026-05-13,C0093,P011,S03,E002,1,299.96,0.05,284.96,184,100.96,Transfer
71,2025-08-05,C0023,P045,S08,E007,2,321.9,0.05,611.61,412,199.61,Transfer
72,2025-08-11,C0081,P042,S08,E018,3,302.99,0.0,908.97,711,197.97,Cash
73,2026-05-27,C0144,P036,S06,E005,1,296.82,0.1,267.14,217,50.14,Mobile
74,2025-11-16,C0155,P035,S06,E019,2,79.96,0.1,143.93,104,39.93,Cash
75,2026-03-02,C0019,P031,S05,E003,8,106.32,0.1,765.5,664,101.5,Transfer
76,2025-12-02,C0058,P018,S06,E009,1,466.54,0.05,443.21,278,165.21,Transfer
77,2026-03-02,C0004,P039,S05,E006,5,258.64,0.15,1099.22,810,289.22,Transfer
78,2026-03-18,C0111,P036,S10,E007,1,296.82,0.0,296.82,217,79.82,Transfer
79,2025-10-16,C0156,P003,S05,E006,6,303.16,0.15,1546.12,1314,232.12,Transfer
80,2025-04-07,C0102,P016,S06,E017,3,95.32,0.1,257.36,258,-0.64,Card
81,2025-06-03,C0124,P015,S04,E002,7,316.6,0.15,1883.77,1498,385.77,Card
82,2025-02-09,C0133,P036,S09,E016,2,296.82,0.0,593.64,434,159.64,Mobile
83,2026-05-25,C0102,P036,S01,E013,6,296.82,0.05,1691.87,1302,389.87,Mobile
84,2025-02-22,C0186,P002,S06,E012,3,274.71,0.1,741.72,735,6.72,Mobile
85,2025-04-01,C0114,P033,S06,E007,4,126.43,0.1,455.15,440,15.15,Card
86,2025-02-16,C0094,P015,S10,E011,3,316.6,0.15,807.33,642,165.33,Card
87,2026-05-05,C0003,P011,S10,E008,10,299.96,0.15,2549.66,1840,709.66,Cash
88,2026-06-06,C0054,P024,S07,E015,8,293.47,0.05,2230.37,1984,246.37,Cash
89,2025-05-22,C0044,P033,S06,E005,6,126.43,0.1,682.72,660,22.72,Card
90,2025-08-28,C0142,P047,S07,E015,10,165.58,0.1,1490.22,1470,20.22,Mobile
91,2025-06-23,C0134,P030,S10,E017,9,388.69,0.1,3148.39,2700,448.39,Transfer
92,2025-10-17,C0173,P026,S03,E001,10,17.83,0.05,169.38,160,9.38,Transfer
93,2026-01-25,C0183,P049,S09,E006,2,328.89,0.15,559.11,592,-32.89,Mobile
94,2026-01-08,C0053,P007,S01,E003,8,107.51,0.15,731.07,728,3.07,Cash
95,2025-05-21,C0114,P006,S07,E006,2,421.8,0.15,717.06,504,213.06,Mobile
96,2025-07-18,C0152,P035,S08,E016,8,79.96,0.0,639.68,416,223.68,Mobile
97,2025-06-27,C0154,P003,S05,E006,5,303.16,0.1,1364.22,1095,269.22,Cash
98,2025-03-08,C0141,P050,S04,E015,9,477.56,0.0,4298.04,2565,1733.04,Transfer
99,2025-04-15,C0100,P005,S01,E015,8,119.18,0.1,858.1,648,210.1,Transfer
100,2025-12-06,C0130,P009,S02,E006,7,252.01,0.15,1499.46,1351,148.46,Mobile
101,2026-05-05,C0130,P019,S03,E011,9,186.03,0.15,1423.13,1134,289.13,Card
102,2025-07-18,C0058,P032,S04,E015,6,426.8,0.05,2432.76,1794,638.76,Card
103,2026-03-12,C0014,P025,S08,E005,2,345.2,0.0,690.4,592,98.4,Transfer
104,2025-10-14,C0102,P031,S01,E013,9,106.32,0.1,861.19,747,114.19,Mobile
105,2025-11-07,C0165,P044,S10,E013,8,218.87,0.1,1575.86,1080,495.86,Transfer
106,2025-04-13,C0126,P024,S03,E015,5,293.47,0.05,1393.98,1240,153.98,Card
107,2025-05-07,C0138,P005,S06,E011,8,119.18,0.0,953.44,648,305.44,Mobile
108,2025-11-24,C0144,P020,S10,E015,9,392.13,0.1,3176.25,2034,1142.25,Transfer
109,2025-08-12,C0043,P038,S04,E018,8,176.65,0.15,1201.22,904,297.22,Card
110,2025-02-22,C0200,P006,S06,E020,10,421.8,0.05,4007.1,2520,1487.1,Cash
111,2025-01-31,C0089,P032,S06,E012,6,426.8,0.15,2176.68,1794,382.68,Mobile
112,2025-08-18,C0081,P019,S07,E013,4,186.03,0.1,669.71,504,165.71,Card
113,2025-12-25,C0155,P023,S10,E008,1,424.36,0.15,360.71,268,92.71,Card
114,2026-01-29,C0053,P026,S05,E004,2,17.83,0.1,32.09,32,0.09,Mobile
115,2025-04-06,C0105,P049,S03,E004,1,328.89,0.1,296.0,296,0.0,Card
116,2026-01-20,C0112,P050,S06,E018,6,477.56,0.05,2722.09,1710,1012.09,Transfer
117,2025-06-12,C0043,P050,S09,E006,4,477.56,0.05,1814.73,1140,674.73,Card
118,2026-06-19,C0034,P004,S07,E005,2,45.02,0.15,76.53,58,18.53,Transfer
119,2025-05-21,C0006,P025,S06,E006,10,345.2,0.1,3106.8,2960,146.8,Card
120,2026-05-16,C0009,P046,S02,E005,4,17.63,0.15,59.94,44,15.94,Mobile
121,2025-08-03,C0093,P030,S03,E009,10,388.69,0.05,3692.56,3000,692.56,Transfer
122,2026-05-02,C0008,P010,S09,E015,2,50.88,0.15,86.5,76,10.5,Card
123,2025-01-06,C0185,P018,S05,E002,4,466.54,0.05,1772.85,1112,660.85,Transfer
124,2025-03-15,C0028,P031,S02,E013,9,106.32,0.05,909.04,747,162.04,Transfer
125,2026-06-20,C0182,P047,S08,E009,2,165.58,0.15,281.49,294,-12.51,Card
126,2025-12-24,C0193,P007,S07,E014,7,107.51,0.1,677.31,637,40.31,Mobile
127,2025-07-20,C0017,P012,S03,E008,6,317.68,0.05,1810.78,1236,574.78,Card
128,2026-02-08,C0117,P045,S10,E015,1,321.9,0.05,305.8,206,99.8,Cash
129,2026-06-24,C0002,P015,S01,E014,1,316.6,0.05,300.77,214,86.77,Transfer
130,2025-08-30,C0178,P035,S06,E014,7,79.96,0.05,531.73,364,167.73,Transfer
131,2026-06-03,C0117,P044,S03,E017,10,218.87,0.0,2188.7,1350,838.7,Transfer
132,2025-12-24,C0031,P019,S04,E004,10,186.03,0.0,1860.3,1260,600.3,Mobile
133,2026-01-10,C0034,P024,S03,E010,3,293.47,0.0,880.41,744,136.41,Cash
134,2026-05-10,C0018,P011,S10,E014,8,299.96,0.0,2399.68,1472,927.68,Cash
135,2025-05-12,C0138,P046,S07,E020,8,17.63,0.0,141.04,88,53.04,Mobile
136,2026-05-05,C0188,P044,S06,E015,4,218.87,0.15,744.16,540,204.16,Cash
137,2026-01-14,C0027,P041,S02,E012,2,262.34,0.05,498.45,316,182.45,Cash
138,2025-03-31,C0001,P002,S09,E014,4,274.71,0.0,1098.84,980,118.84,Card
139,2026-05-15,C0157,P010,S01,E019,2,50.88,0.1,91.58,76,15.58,Mobile
140,2026-02-06,C0161,P047,S01,E020,9,165.58,0.1,1341.2,1323,18.2,Cash
141,2026-03-25,C0057,P050,S05,E011,5,477.56,0.15,2029.63,1425,604.63,Mobile
142,2025-10-03,C0132,P043,S03,E015,8,136.26,0.0,1090.08,616,474.08,Mobile
143,2025-11-25,C0131,P004,S07,E014,5,45.02,0.05,213.84,145,68.84,Mobile
144,2025-11-10,C0005,P048,S02,E005,8,310.27,0.05,2358.05,1800,558.05,Mobile
145,2025-09-23,C0080,P038,S09,E010,2,176.65,0.1,317.97,226,91.97,Card
146,2026-04-12,C0010,P013,S08,E016,2,182.89,0.05,347.49,274,73.49,Transfer
147,2025-05-09,C0183,P002,S01,E018,9,274.71,0.1,2225.15,2205,20.15,Card
148,2026-04-19,C0073,P044,S01,E009,5,218.87,0.0,1094.35,675,419.35,Cash
149,2025-04-25,C0026,P042,S06,E020,10,302.99,0.15,2575.42,2370,205.42,Mobile
150,2025-12-18,C0151,P011,S01,E007,2,299.96,0.15,509.93,368,141.93,Card
151,2025-02-13,C0031,P043,S09,E017,1,136.26,0.0,136.26,77,59.26,Transfer
152,2025-06-03,C0059,P035,S04,E003,4,79.96,0.05,303.85,208,95.85,Transfer
153,2025-10-01,C0158,P008,S03,E010,10,216.88,0.15,1843.48,1390,453.48,Card
154,2025-02-28,C0006,P018,S07,E020,2,466.54,0.1,839.77,556,283.77,Transfer
155,2026-03-23,C0018,P006,S03,E007,8,421.8,0.15,2868.24,2016,852.24,Cash
156,2025-12-30,C0091,P034,S09,E005,7,198.57,0.15,1181.49,924,257.49,Card
157,2025-03-02,C0094,P039,S02,E015,4,258.64,0.05,982.83,648,334.83,Transfer
158,2025-09-21,C0040,P005,S09,E013,4,119.18,0.05,452.88,324,128.88,Cash
159,2026-04-29,C0080,P013,S05,E010,8,182.89,0.0,1463.12,1096,367.12,Card
160,2025-02-05,C0197,P045,S07,E015,3,321.9,0.15,820.84,618,202.84,Cash
161,2026-05-21,C0166,P031,S02,E010,3,106.32,0.05,303.01,249,54.01,Mobile
162,2025-04-11,C0064,P006,S04,E016,4,421.8,0.1,1518.48,1008,510.48,Cash
163,2026-01-03,C0181,P008,S10,E020,3,216.88,0.15,553.04,417,136.04,Mobile
164,2025-01-25,C0161,P048,S07,E005,7,310.27,0.15,1846.11,1575,271.11,Mobile
165,2025-10-27,C0100,P025,S10,E014,3,345.2,0.0,1035.6,888,147.6,Cash
166,2026-05-06,C0153,P006,S07,E009,4,421.8,0.1,1518.48,1008,510.48,Cash
167,2025-09-23,C0173,P022,S01,E018,6,30.64,0.05,174.65,126,48.65,Cash
168,2025-09-29,C0193,P009,S02,E010,6,252.01,0.15,1285.25,1158,127.25,Card
169,2026-01-25,C0008,P028,S08,E019,2,442.13,0.15,751.62,532,219.62,Card
170,2026-05-19,C0198,P040,S04,E017,9,80.3,0.15,614.29,495,119.29,Cash
171,2026-02-25,C0154,P046,S02,E008,7,17.63,0.0,123.41,77,46.41,Cash
172,2025-10-28,C0157,P004,S01,E012,8,45.02,0.0,360.16,232,128.16,Cash
173,2025-02-16,C0150,P040,S05,E012,2,80.3,0.0,160.6,110,50.6,Transfer
174,2026-01-02,C0084,P021,S03,E012,2,78.84,0.15,134.03,96,38.03,Card
175,2025-09-12,C0163,P024,S04,E010,6,293.47,0.05,1672.78,1488,184.78,Transfer
176,2025-11-06,C0151,P017,S01,E016,9,146.38,0.1,1185.68,927,258.68,Transfer
177,2025-09-05,C0042,P026,S02,E009,4,17.83,0.05,67.75,64,3.75,Mobile
178,2025-06-18,C0142,P010,S10,E003,4,50.88,0.05,193.34,152,41.34,Transfer
179,2025-06-12,C0010,P013,S08,E007,7,182.89,0.05,1216.22,959,257.22,Mobile
180,2025-08-14,C0185,P038,S05,E017,2,176.65,0.1,317.97,226,91.97,Mobile
181,2025-03-12,C0019,P008,S04,E004,6,216.88,0.0,1301.28,834,467.28,Mobile
182,2025-01-11,C0154,P049,S03,E015,9,328.89,0.15,2516.01,2664,-147.99,Mobile
183,2025-07-16,C0004,P004,S04,E010,9,45.02,0.0,405.18,261,144.18,Card
184,2025-11-12,C0068,P007,S06,E009,9,107.51,0.1,870.83,819,51.83,Transfer
185,2025-01-11,C0161,P012,S08,E002,1,317.68,0.0,317.68,206,111.68,Card
186,2026-04-09,C0170,P019,S05,E004,2,186.03,0.1,334.85,252,82.85,Card
187,2025-01-31,C0050,P040,S03,E020,2,80.3,0.05,152.57,110,42.57,Cash
188,2025-08-21,C0122,P016,S03,E018,8,95.32,0.0,762.56,688,74.56,Cash
189,2025-03-06,C0005,P048,S03,E011,4,310.27,0.05,1179.03,900,279.03,Cash
190,2025-07-19,C0102,P008,S01,E018,9,216.88,0.1,1756.73,1251,505.73,Transfer
191,2026-01-30,C0104,P018,S09,E017,6,466.54,0.1,2519.32,1668,851.32,Mobile
192,2025-07-04,C0195,P028,S08,E019,5,442.13,0.0,2210.65,1330,880.65,Mobile
193,2026-06-23,C0007,P006,S09,E002,3,421.8,0.05,1202.13,756,446.13,Transfer
194,2025-11-23,C0102,P028,S01,E014,3,442.13,0.05,1260.07,798,462.07,Mobile
195,2025-02-05,C0034,P018,S09,E014,9,466.54,0.0,4198.86,2502,1696.86,Mobile
196,2025-02-15,C0056,P004,S04,E010,9,45.02,0.1,364.66,261,103.66,Mobile
197,2025-10-01,C0049,P047,S09,E017,5,165.58,0.0,827.9,735,92.9,Card
198,2025-08-04,C0123,P008,S03,E002,4,216.88,0.0,867.52,556,311.52,Mobile
199,2025-06-04,C0026,P003,S01,E019,5,303.16,0.0,1515.8,1095,420.8,Mobile
200,2025-08-12,C0145,P004,S08,E004,8,45.02,0.05,342.15,232,110.15,Mobile
201,2025-05-11,C0087,P013,S09,E016,4,182.89,0.0,731.56,548,183.56,Mobile
202,2026-03-20,C0150,P021,S04,E015,9,78.84,0.1,638.6,432,206.6,Transfer
203,2026-01-31,C0145,P038,S04,E013,7,176.65,0.1,1112.9,791,321.9,Cash
204,2025-03-19,C0007,P021,S07,E019,3,78.84,0.1,212.87,144,68.87,Mobile
205,2025-04-23,C0161,P002,S04,E015,1,274.71,0.15,233.5,245,-11.5,Transfer
206,2025-12-10,C0174,P007,S01,E009,9,107.51,0.0,967.59,819,148.59,Transfer
207,2026-03-17,C0176,P027,S05,E015,3,144.07,0.05,410.6,285,125.6,Card
208,2025-01-29,C0129,P017,S05,E004,8,146.38,0.15,995.38,824,171.38,Transfer
209,2025-03-28,C0084,P040,S09,E006,5,80.3,0.0,401.5,275,126.5,Card
210,2025-06-24,C0117,P012,S06,E013,5,317.68,0.0,1588.4,1030,558.4,Mobile
211,2026-05-16,C0145,P050,S02,E002,8,477.56,0.0,3820.48,2280,1540.48,Cash
212,2025-02-07,C0069,P041,S05,E006,1,262.34,0.1,236.11,158,78.11,Mobile
213,2025-01-18,C0117,P040,S06,E008,10,80.3,0.1,722.7,550,172.7,Card
214,2025-01-24,C0113,P029,S09,E007,6,162.04,0.0,972.24,672,300.24,Mobile
215,2025-08-26,C0021,P015,S07,E002,3,316.6,0.05,902.31,642,260.31,Card
216,2026-04-11,C0138,P024,S10,E017,6,293.47,0.0,1760.82,1488,272.82,Card
217,2025-08-16,C0066,P043,S09,E015,1,136.26,0.15,115.82,77,38.82,Card
218,2026-02-25,C0103,P038,S09,E014,1,176.65,0.15,150.15,113,37.15,Transfer
219,2025-01-25,C0021,P040,S08,E014,8,80.3,0.1,578.16,440,138.16,Card
220,2026-06-06,C0200,P042,S09,E017,7,302.99,0.05,2014.88,1659,355.88,Card
221,2026-05-08,C0074,P027,S06,E015,5,144.07,0.15,612.3,475,137.3,Mobile
222,2025-10-21,C0062,P025,S06,E018,9,345.2,0.15,2640.78,2664,-23.22,Card
223,2025-03-16,C0068,P034,S07,E006,5,198.57,0.0,992.85,660,332.85,Transfer
224,2026-05-18,C0005,P041,S03,E016,10,262.34,0.1,2361.06,1580,781.06,Cash
225,2025-04-26,C0099,P013,S01,E006,4,182.89,0.05,694.98,548,146.98,Cash
226,2026-04-25,C0007,P042,S01,E009,2,302.99,0.15,515.08,474,41.08,Cash
227,2025-08-01,C0092,P050,S10,E015,9,477.56,0.15,3653.33,2565,1088.33,Cash
228,2026-01-27,C0168,P046,S07,E010,6,17.63,0.1,95.2,66,29.2,Cash
229,2025-12-24,C0110,P019,S07,E014,4,186.03,0.15,632.5,504,128.5,Transfer
230,2025-02-24,C0085,P044,S06,E013,3,218.87,0.05,623.78,405,218.78,Cash
231,2025-07-01,C0038,P033,S02,E018,10,126.43,0.1,1137.87,1100,37.87,Card
232,2026-01-03,C0158,P022,S09,E006,8,30.64,0.05,232.86,168,64.86,Card
233,2025-05-22,C0166,P042,S07,E014,5,302.99,0.05,1439.2,1185,254.2,Mobile
234,2025-03-19,C0007,P012,S06,E008,6,317.68,0.0,1906.08,1236,670.08,Card
235,2026-03-31,C0131,P004,S10,E009,4,45.02,0.15,153.07,116,37.07,Mobile
236,2026-05-09,C0088,P022,S02,E019,10,30.64,0.1,275.76,210,65.76,Cash
237,2025-06-30,C0024,P028,S01,E003,3,442.13,0.15,1127.43,798,329.43,Cash
238,2025-07-18,C0185,P036,S08,E013,3,296.82,0.1,801.41,651,150.41,Transfer
239,2025-04-18,C0182,P010,S07,E015,5,50.88,0.15,216.24,190,26.24,Card
240,2025-05-18,C0176,P011,S10,E001,2,299.96,0.1,539.93,368,171.93,Mobile
241,2025-12-20,C0198,P018,S01,E020,1,466.54,0.1,419.89,278,141.89,Mobile
242,2025-11-20,C0187,P001,S07,E002,6,24.41,0.0,146.46,84,62.46,Mobile
243,2026-02-20,C0189,P032,S02,E019,2,426.8,0.15,725.56,598,127.56,Cash
244,2025-12-23,C0045,P033,S07,E002,1,126.43,0.15,107.47,110,-2.53,Card
245,2025-06-20,C0146,P001,S08,E010,5,24.41,0.15,103.74,70,33.74,Transfer
246,2026-02-26,C0038,P032,S06,E006,1,426.8,0.15,362.78,299,63.78,Mobile
247,2026-05-31,C0165,P005,S02,E020,7,119.18,0.05,792.55,567,225.55,Mobile
248,2026-05-16,C0187,P010,S01,E010,5,50.88,0.15,216.24,190,26.24,Card
249,2025-10-08,C0032,P047,S05,E001,5,165.58,0.15,703.72,735,-31.28,Cash
250,2025-06-04,C0120,P016,S04,E008,2,95.32,0.15,162.04,172,-9.96,Cash
251,2025-04-21,C0025,P020,S01,E019,4,392.13,0.0,1568.52,904,664.52,Cash
252,2026-03-01,C0038,P031,S06,E004,1,106.32,0.1,95.69,83,12.69,Cash
253,2025-06-13,C0138,P044,S10,E016,7,218.87,0.05,1455.49,945,510.49,Card
254,2026-06-09,C0145,P045,S03,E011,6,321.9,0.15,1641.69,1236,405.69,Cash
255,2025-11-02,C0026,P047,S08,E003,1,165.58,0.0,165.58,147,18.58,Cash
256,2025-11-09,C0152,P011,S10,E009,1,299.96,0.1,269.96,184,85.96,Mobile
257,2025-08-17,C0079,P025,S03,E017,7,345.2,0.0,2416.4,2072,344.4,Cash
258,2025-04-07,C0111,P025,S03,E009,6,345.2,0.15,1760.52,1776,-15.48,Cash
259,2025-08-05,C0085,P024,S10,E005,6,293.47,0.1,1584.74,1488,96.74,Card
260,2025-08-24,C0182,P005,S08,E012,10,119.18,0.0,1191.8,810,381.8,Card
261,2026-03-14,C0160,P004,S08,E004,7,45.02,0.1,283.63,203,80.63,Transfer
262,2026-06-12,C0082,P039,S04,E007,1,258.64,0.1,232.78,162,70.78,Card
263,2025-12-22,C0066,P040,S01,E016,4,80.3,0.15,273.02,220,53.02,Card
264,2025-04-03,C0133,P019,S05,E004,7,186.03,0.15,1106.88,882,224.88,Card
265,2026-02-19,C0037,P015,S02,E015,2,316.6,0.15,538.22,428,110.22,Card
266,2025-10-07,C0094,P047,S06,E012,3,165.58,0.05,471.9,441,30.9,Transfer
267,2025-02-01,C0057,P031,S05,E016,10,106.32,0.05,1010.04,830,180.04,Cash
268,2025-06-28,C0179,P021,S04,E009,6,78.84,0.0,473.04,288,185.04,Card
269,2026-01-13,C0177,P018,S06,E007,2,466.54,0.15,793.12,556,237.12,Cash
270,2025-12-14,C0147,P040,S06,E014,1,80.3,0.15,68.26,55,13.26,Transfer
271,2026-02-17,C0194,P041,S10,E009,10,262.34,0.1,2361.06,1580,781.06,Transfer
272,2026-03-24,C0058,P029,S10,E016,10,162.04,0.0,1620.4,1120,500.4,Transfer
273,2025-04-19,C0153,P011,S09,E002,5,299.96,0.0,1499.8,920,579.8,Card
274,2026-03-26,C0076,P003,S07,E013,10,303.16,0.05,2880.02,2190,690.02,Cash
275,2025-06-06,C0188,P049,S10,E007,2,328.89,0.15,559.11,592,-32.89,Mobile
276,2025-04-12,C0105,P048,S03,E016,7,310.27,0.15,1846.11,1575,271.11,Card
277,2025-11-02,C0076,P027,S03,E009,5,144.07,0.0,720.35,475,245.35,Transfer
278,2026-03-23,C0086,P040,S09,E011,8,80.3,0.05,610.28,440,170.28,Card
279,2025-11-15,C0129,P029,S10,E010,5,162.04,0.0,810.2,560,250.2,Mobile
280,2025-06-13,C0075,P029,S05,E011,5,162.04,0.1,729.18,560,169.18,Card
281,2026-03-29,C0169,P044,S08,E006,5,218.87,0.15,930.2,675,255.2,Mobile
282,2025-07-30,C0082,P018,S01,E017,1,466.54,0.0,466.54,278,188.54,Transfer
283,2025-04-22,C0159,P036,S06,E005,1,296.82,0.15,252.3,217,35.3,Cash
284,2025-12-29,C0133,P025,S07,E008,6,345.2,0.05,1967.64,1776,191.64,Cash
285,2025-01-20,C0168,P001,S08,E001,1,24.41,0.1,21.97,14,7.97,Card
286,2026-03-16,C0075,P002,S03,E002,5,274.71,0.05,1304.87,1225,79.87,Cash
287,2025-04-25,C0098,P012,S05,E014,8,317.68,0.15,2160.22,1648,512.22,Cash
288,2026-03-06,C0151,P010,S10,E016,4,50.88,0.1,183.17,152,31.17,Card
289,2025-12-11,C0163,P007,S07,E006,10,107.51,0.0,1075.1,910,165.1,Card
290,2025-03-15,C0164,P038,S07,E013,9,176.65,0.15,1351.37,1017,334.37,Card
291,2025-10-16,C0009,P031,S05,E003,5,106.32,0.0,531.6,415,116.6,Card
292,2026-04-05,C0178,P048,S07,E010,10,310.27,0.1,2792.43,2250,542.43,Cash
293,2026-05-04,C0045,P006,S05,E018,5,421.8,0.0,2109.0,1260,849.0,Card
294,2026-02-13,C0142,P043,S01,E019,3,136.26,0.0,408.78,231,177.78,Transfer
295,2025-12-15,C0025,P027,S05,E006,1,144.07,0.15,122.46,95,27.46,Card
296,2026-01-22,C0136,P040,S10,E001,2,80.3,0.05,152.57,110,42.57,Card
297,2025-01-05,C0136,P013,S07,E020,7,182.89,0.0,1280.23,959,321.23,Card
298,2026-03-01,C0049,P017,S03,E008,1,146.38,0.15,124.42,103,21.42,Cash
299,2025-12-09,C0171,P036,S05,E007,10,296.82,0.15,2522.97,2170,352.97,Transfer
300,2025-10-27,C0159,P031,S05,E005,7,106.32,0.05,707.03,581,126.03,Transfer
301,2026-05-28,C0165,P032,S04,E007,6,426.8,0.1,2304.72,1794,510.72,Cash
302,2025-10-10,C0044,P019,S06,E008,2,186.03,0.05,353.46,252,101.46,Card
303,2026-02-02,C0068,P042,S05,E007,1,302.99,0.05,287.84,237,50.84,Transfer
304,2025-02-03,C0040,P001,S08,E014,7,24.41,0.0,170.87,98,72.87,Transfer
305,2025-12-31,C0159,P043,S04,E010,6,136.26,0.15,694.93,462,232.93,Transfer
306,2025-06-06,C0149,P039,S06,E005,5,258.64,0.15,1099.22,810,289.22,Mobile
307,2025-09-24,C0020,P014,S08,E007,1,287.52,0.0,287.52,199,88.52,Mobile
308,2025-10-03,C0087,P018,S01,E020,5,466.54,0.0,2332.7,1390,942.7,Mobile
309,2026-03-10,C0194,P025,S06,E020,7,345.2,0.15,2053.94,2072,-18.06,Mobile
310,2026-02-05,C0075,P038,S02,E003,4,176.65,0.15,600.61,452,148.61,Card
311,2026-03-16,C0181,P018,S07,E004,6,466.54,0.1,2519.32,1668,851.32,Mobile
312,2025-07-25,C0029,P039,S04,E016,1,258.64,0.15,219.84,162,57.84,Mobile
313,2025-08-14,C0159,P041,S02,E012,3,262.34,0.05,747.67,474,273.67,Transfer
314,2025-06-20,C0097,P021,S08,E019,9,78.84,0.15,603.13,432,171.13,Card
315,2025-09-13,C0196,P042,S03,E004,1,302.99,0.05,287.84,237,50.84,Transfer
316,2025-01-06,C0096,P009,S05,E007,9,252.01,0.0,2268.09,1737,531.09,Cash
317,2025-05-11,C0018,P021,S03,E019,5,78.84,0.05,374.49,240,134.49,Mobile
318,2025-03-16,C0050,P003,S03,E020,5,303.16,0.05,1440.01,1095,345.01,Mobile
319,2026-05-17,C0045,P019,S10,E003,4,186.03,0.15,632.5,504,128.5,Mobile
320,2025-03-16,C0175,P013,S03,E008,4,182.89,0.05,694.98,548,146.98,Card
321,2025-09-23,C0017,P019,S10,E012,10,186.03,0.05,1767.28,1260,507.28,Cash
322,2025-07-03,C0169,P032,S10,E016,6,426.8,0.1,2304.72,1794,510.72,Mobile
323,2025-05-10,C0142,P014,S10,E004,9,287.52,0.05,2458.3,1791,667.3,Mobile
324,2025-08-18,C0114,P027,S09,E013,7,144.07,0.1,907.64,665,242.64,Transfer
325,2025-02-23,C0197,P037,S01,E012,10,422.5,0.05,4013.75,2850,1163.75,Mobile
326,2026-01-18,C0091,P030,S03,E015,3,388.69,0.15,991.16,900,91.16,Card
327,2025-10-16,C0154,P017,S04,E005,9,146.38,0.15,1119.81,927,192.81,Card
328,2025-04-01,C0168,P024,S04,E014,5,293.47,0.0,1467.35,1240,227.35,Card
329,2025-03-05,C0097,P012,S04,E002,5,317.68,0.15,1350.14,1030,320.14,Transfer
330,2026-03-15,C0004,P029,S08,E011,5,162.04,0.05,769.69,560,209.69,Mobile
331,2025-06-22,C0130,P006,S01,E013,4,421.8,0.0,1687.2,1008,679.2,Card
332,2026-05-12,C0095,P019,S09,E014,1,186.03,0.15,158.13,126,32.13,Cash
333,2026-02-03,C0061,P007,S09,E001,10,107.51,0.15,913.84,910,3.84,Cash
334,2025-02-06,C0035,P032,S08,E006,4,426.8,0.1,1536.48,1196,340.48,Mobile
335,2025-09-15,C0130,P011,S07,E003,3,299.96,0.05,854.89,552,302.89,Cash
336,2026-05-11,C0094,P029,S04,E002,2,162.04,0.15,275.47,224,51.47,Mobile
337,2025-07-22,C0044,P047,S04,E007,4,165.58,0.15,562.97,588,-25.03,Transfer
338,2026-06-03,C0061,P018,S04,E010,5,466.54,0.15,1982.8,1390,592.8,Cash
339,2025-02-07,C0160,P001,S06,E003,10,24.41,0.0,244.1,140,104.1,Card
340,2026-02-24,C0185,P035,S03,E018,8,79.96,0.0,639.68,416,223.68,Cash
341,2026-01-03,C0116,P043,S04,E013,3,136.26,0.1,367.9,231,136.9,Mobile
342,2026-01-10,C0003,P007,S05,E007,2,107.51,0.15,182.77,182,0.77,Transfer
343,2025-04-08,C0115,P040,S07,E010,6,80.3,0.0,481.8,330,151.8,Card
344,2025-12-04,C0086,P041,S04,E002,5,262.34,0.05,1246.11,790,456.11,Cash
345,2026-04-19,C0084,P032,S01,E009,1,426.8,0.05,405.46,299,106.46,Transfer
346,2025-01-13,C0034,P030,S07,E012,2,388.69,0.05,738.51,600,138.51,Transfer
347,2026-01-31,C0029,P049,S05,E014,8,328.89,0.0,2631.12,2368,263.12,Card
348,2025-09-28,C0003,P017,S01,E005,4,146.38,0.15,497.69,412,85.69,Mobile
349,2025-03-21,C0154,P025,S04,E018,3,345.2,0.1,932.04,888,44.04,Card
350,2025-05-23,C0157,P049,S06,E007,3,328.89,0.15,838.67,888,-49.33,Card
351,2025-05-11,C0199,P040,S01,E020,3,80.3,0.0,240.9,165,75.9,Transfer
352,2025-01-08,C0038,P002,S01,E003,5,274.71,0.1,1236.2,1225,11.2,Mobile
353,2025-11-13,C0176,P039,S03,E013,7,258.64,0.15,1538.91,1134,404.91,Mobile
354,2025-12-25,C0075,P006,S08,E006,6,421.8,0.15,2151.18,1512,639.18,Transfer
355,2025-08-24,C0178,P015,S01,E016,1,316.6,0.1,284.94,214,70.94,Cash
356,2026-04-20,C0001,P049,S04,E005,1,328.89,0.0,328.89,296,32.89,Mobile
357,2025-08-16,C0152,P008,S10,E009,10,216.88,0.15,1843.48,1390,453.48,Card
358,2025-04-03,C0085,P048,S06,E003,4,310.27,0.05,1179.03,900,279.03,Cash
359,2025-07-29,C0085,P046,S09,E018,9,17.63,0.05,150.74,99,51.74,Mobile
360,2025-12-31,C0043,P036,S03,E020,2,296.82,0.15,504.59,434,70.59,Cash
361,2026-05-21,C0157,P038,S02,E015,6,176.65,0.05,1006.91,678,328.91,Mobile
362,2025-03-11,C0171,P050,S05,E011,4,477.56,0.0,1910.24,1140,770.24,Mobile
363,2026-03-17,C0133,P009,S10,E020,6,252.01,0.1,1360.85,1158,202.85,Cash
364,2025-12-22,C0135,P042,S08,E012,4,302.99,0.15,1030.17,948,82.17,Cash
365,2025-01-09,C0058,P016,S05,E014,8,95.32,0.1,686.3,688,-1.7,Card
366,2026-06-06,C0158,P029,S01,E006,4,162.04,0.1,583.34,448,135.34,Transfer
367,2025-09-30,C0164,P026,S10,E004,1,17.83,0.0,17.83,16,1.83,Card
368,2025-09-11,C0120,P045,S07,E002,9,321.9,0.15,2462.54,1854,608.54,Card
369,2026-05-31,C0075,P046,S07,E003,8,17.63,0.1,126.94,88,38.94,Mobile
370,2026-03-15,C0125,P012,S02,E019,3,317.68,0.05,905.39,618,287.39,Transfer
371,2025-03-05,C0181,P018,S04,E007,9,466.54,0.05,3988.92,2502,1486.92,Cash
372,2025-09-02,C0182,P045,S09,E017,6,321.9,0.05,1834.83,1236,598.83,Mobile
373,2025-06-19,C0061,P016,S01,E008,9,95.32,0.15,729.2,774,-44.8,Cash
374,2025-01-26,C0037,P037,S09,E009,3,422.5,0.0,1267.5,855,412.5,Card
375,2025-05-22,C0025,P012,S05,E014,6,317.68,0.1,1715.47,1236,479.47,Transfer
376,2025-03-05,C0173,P021,S08,E002,10,78.84,0.0,788.4,480,308.4,Transfer
377,2026-02-04,C0079,P015,S07,E016,5,316.6,0.1,1424.7,1070,354.7,Transfer
378,2025-04-19,C0109,P026,S02,E007,2,17.83,0.0,35.66,32,3.66,Cash
379,2026-04-26,C0019,P030,S04,E011,1,388.69,0.05,369.26,300,69.26,Card
380,2026-04-22,C0120,P002,S09,E019,5,274.71,0.1,1236.2,1225,11.2,Card
381,2025-03-27,C0188,P014,S01,E003,8,287.52,0.15,1955.14,1592,363.14,Transfer
382,2025-07-29,C0185,P049,S05,E014,10,328.89,0.15,2795.56,2960,-164.44,Card
383,2026-01-20,C0187,P015,S08,E008,10,316.6,0.15,2691.1,2140,551.1,Card
384,2025-10-27,C0069,P048,S08,E016,8,310.27,0.0,2482.16,1800,682.16,Transfer
385,2025-08-08,C0177,P003,S08,E013,2,303.16,0.0,606.32,438,168.32,Card
386,2025-06-30,C0195,P030,S07,E014,7,388.69,0.0,2720.83,2100,620.83,Transfer
387,2025-03-11,C0132,P034,S03,E002,9,198.57,0.05,1697.77,1188,509.77,Card
388,2025-11-14,C0078,P014,S08,E005,9,287.52,0.15,2199.53,1791,408.53,Cash
389,2025-12-20,C0112,P021,S06,E007,8,78.84,0.15,536.11,384,152.11,Transfer
390,2026-05-01,C0070,P026,S10,E014,4,17.83,0.15,60.62,64,-3.38,Transfer
391,2025-03-09,C0029,P027,S06,E015,5,144.07,0.15,612.3,475,137.3,Transfer
392,2026-06-06,C0082,P028,S04,E005,9,442.13,0.05,3780.21,2394,1386.21,Card
393,2026-02-26,C0008,P013,S07,E013,5,182.89,0.05,868.73,685,183.73,Card
394,2025-03-28,C0043,P015,S08,E020,3,316.6,0.0,949.8,642,307.8,Mobile
395,2026-02-05,C0069,P017,S01,E010,4,146.38,0.1,526.97,412,114.97,Card
396,2025-10-16,C0190,P027,S05,E014,2,144.07,0.15,244.92,190,54.92,Cash
397,2025-06-19,C0133,P034,S08,E014,3,198.57,0.0,595.71,396,199.71,Cash
398,2025-11-22,C0079,P035,S01,E010,1,79.96,0.1,71.96,52,19.96,Mobile
399,2025-10-19,C0144,P037,S04,E009,1,422.5,0.1,380.25,285,95.25,Transfer
400,2026-06-08,C0087,P046,S09,E003,3,17.63,0.1,47.6,33,14.6,Cash
401,2026-01-28,C0083,P038,S06,E016,3,176.65,0.05,503.45,339,164.45,Card
402,2025-09-29,C0005,P023,S09,E020,5,424.36,0.0,2121.8,1340,781.8,Cash
403,2025-01-25,C0159,P007,S09,E013,7,107.51,0.15,639.68,637,2.68,Cash
404,2026-01-28,C0023,P025,S08,E007,2,345.2,0.0,690.4,592,98.4,Transfer
405,2026-02-24,C0121,P039,S09,E011,10,258.64,0.0,2586.4,1620,966.4,Card
406,2026-04-29,C0121,P042,S05,E014,1,302.99,0.05,287.84,237,50.84,Cash
407,2026-06-13,C0076,P033,S02,E002,7,126.43,0.15,752.26,770,-17.74,Mobile
408,2025-07-22,C0022,P044,S08,E012,3,218.87,0.1,590.95,405,185.95,Cash
409,2025-04-14,C0053,P011,S10,E011,10,299.96,0.1,2699.64,1840,859.64,Card
410,2025-03-25,C0054,P045,S05,E018,3,321.9,0.1,869.13,618,251.13,Cash
411,2026-05-28,C0114,P006,S07,E012,8,421.8,0.15,2868.24,2016,852.24,Mobile
412,2025-01-01,C0045,P049,S05,E006,3,328.89,0.05,937.34,888,49.34,Card
413,2025-09-07,C0118,P019,S03,E003,4,186.03,0.05,706.91,504,202.91,Mobile
414,2026-02-08,C0157,P049,S07,E018,9,328.89,0.15,2516.01,2664,-147.99,Mobile
415,2026-05-04,C0033,P006,S04,E013,8,421.8,0.1,3036.96,2016,1020.96,Cash
416,2026-03-27,C0056,P002,S03,E013,5,274.71,0.05,1304.87,1225,79.87,Mobile
417,2025-08-20,C0171,P022,S03,E010,1,30.64,0.1,27.58,21,6.58,Mobile
418,2025-03-08,C0170,P009,S10,E013,6,252.01,0.05,1436.46,1158,278.46,Cash
419,2025-01-31,C0171,P031,S02,E003,2,106.32,0.0,212.64,166,46.64,Card
420,2025-03-04,C0054,P029,S07,E011,9,162.04,0.1,1312.52,1008,304.52,Transfer
421,2025-06-12,C0105,P018,S02,E012,6,466.54,0.05,2659.28,1668,991.28,Cash
422,2025-12-08,C0129,P013,S02,E001,7,182.89,0.15,1088.2,959,129.2,Cash
423,2025-08-05,C0052,P025,S02,E006,3,345.2,0.15,880.26,888,-7.74,Mobile
424,2025-12-01,C0180,P032,S10,E010,9,426.8,0.0,3841.2,2691,1150.2,Transfer
425,2025-02-23,C0012,P003,S05,E006,3,303.16,0.15,773.06,657,116.06,Cash
426,2025-01-25,C0038,P024,S05,E004,10,293.47,0.1,2641.23,2480,161.23,Card
427,2026-05-27,C0050,P019,S02,E005,5,186.03,0.15,790.63,630,160.63,Transfer
428,2025-06-11,C0197,P001,S03,E008,1,24.41,0.05,23.19,14,9.19,Mobile
429,2025-07-20,C0146,P003,S06,E006,2,303.16,0.0,606.32,438,168.32,Transfer
430,2025-11-04,C0060,P014,S07,E010,2,287.52,0.0,575.04,398,177.04,Card
431,2025-11-01,C0137,P006,S02,E010,5,421.8,0.05,2003.55,1260,743.55,Cash
432,2026-02-14,C0164,P018,S02,E001,4,466.54,0.15,1586.24,1112,474.24,Mobile
433,2025-10-28,C0178,P024,S08,E016,8,293.47,0.0,2347.76,1984,363.76,Transfer
434,2026-05-04,C0141,P007,S04,E017,3,107.51,0.05,306.4,273,33.4,Card
435,2025-07-23,C0184,P014,S06,E016,3,287.52,0.15,733.18,597,136.18,Card
436,2025-04-28,C0093,P043,S02,E002,1,136.26,0.05,129.45,77,52.45,Card
437,2026-02-21,C0116,P048,S08,E015,7,310.27,0.1,1954.7,1575,379.7,Mobile
438,2025-07-28,C0175,P004,S05,E005,6,45.02,0.0,270.12,174,96.12,Cash
439,2025-12-02,C0027,P023,S01,E008,7,424.36,0.05,2821.99,1876,945.99,Card
440,2025-11-07,C0080,P040,S06,E008,7,80.3,0.05,534.0,385,149.0,Cash
441,2025-11-09,C0047,P031,S02,E001,4,106.32,0.1,382.75,332,50.75,Transfer
442,2026-05-18,C0117,P041,S02,E008,3,262.34,0.15,668.97,474,194.97,Transfer
443,2025-09-05,C0044,P023,S04,E014,1,424.36,0.0,424.36,268,156.36,Card
444,2025-12-27,C0022,P039,S01,E018,7,258.64,0.15,1538.91,1134,404.91,Mobile
445,2025-10-22,C0180,P013,S06,E011,10,182.89,0.1,1646.01,1370,276.01,Transfer
446,2026-02-01,C0078,P048,S05,E002,1,310.27,0.0,310.27,225,85.27,Mobile
447,2026-05-19,C0082,P006,S07,E015,5,421.8,0.0,2109.0,1260,849.0,Card
448,2026-02-15,C0066,P008,S04,E011,3,216.88,0.0,650.64,417,233.64,Card
449,2026-03-07,C0108,P040,S10,E009,2,80.3,0.05,152.57,110,42.57,Card
450,2025-09-03,C0180,P020,S05,E019,2,392.13,0.1,705.83,452,253.83,Card
451,2025-01-18,C0038,P050,S05,E017,8,477.56,0.15,3247.41,2280,967.41,Card
452,2025-02-07,C0120,P019,S09,E016,3,186.03,0.15,474.38,378,96.38,Cash
453,2025-10-29,C0106,P025,S08,E004,7,345.2,0.0,2416.4,2072,344.4,Mobile
454,2025-09-26,C0154,P005,S01,E010,7,119.18,0.0,834.26,567,267.26,Transfer
455,2025-05-24,C0140,P007,S01,E007,6,107.51,0.0,645.06,546,99.06,Transfer
456,2025-11-06,C0191,P025,S07,E017,2,345.2,0.05,655.88,592,63.88,Card
457,2026-06-18,C0017,P038,S07,E012,2,176.65,0.15,300.3,226,74.3,Card
458,2025-12-02,C0175,P011,S05,E016,8,299.96,0.15,2039.73,1472,567.73,Cash
459,2025-01-19,C0162,P031,S02,E007,9,106.32,0.05,909.04,747,162.04,Transfer
460,2025-06-28,C0180,P040,S03,E014,8,80.3,0.05,610.28,440,170.28,Cash
461,2025-11-16,C0176,P011,S05,E012,2,299.96,0.1,539.93,368,171.93,Transfer
462,2026-02-13,C0122,P007,S08,E012,5,107.51,0.15,456.92,455,1.92,Transfer
463,2025-06-05,C0034,P021,S08,E009,10,78.84,0.15,670.14,480,190.14,Transfer
464,2025-02-19,C0076,P047,S09,E016,7,165.58,0.15,985.2,1029,-43.8,Transfer
465,2026-04-03,C0038,P013,S08,E005,8,182.89,0.05,1389.96,1096,293.96,Card
466,2026-01-09,C0044,P032,S07,E014,6,426.8,0.0,2560.8,1794,766.8,Transfer
467,2025-01-11,C0168,P016,S08,E012,5,95.32,0.05,452.77,430,22.77,Cash
468,2026-02-07,C0118,P011,S01,E014,5,299.96,0.15,1274.83,920,354.83,Transfer
469,2025-11-26,C0038,P038,S04,E013,8,176.65,0.05,1342.54,904,438.54,Cash
470,2025-05-28,C0121,P038,S09,E015,2,176.65,0.1,317.97,226,91.97,Card
471,2025-03-04,C0049,P025,S07,E011,8,345.2,0.05,2623.52,2368,255.52,Transfer
472,2025-02-07,C0112,P047,S02,E007,8,165.58,0.1,1192.18,1176,16.18,Cash
473,2026-02-19,C0075,P033,S04,E010,10,126.43,0.1,1137.87,1100,37.87,Mobile
474,2025-11-29,C0175,P031,S05,E004,6,106.32,0.15,542.23,498,44.23,Transfer
475,2025-07-28,C0186,P041,S10,E004,1,262.34,0.1,236.11,158,78.11,Transfer
476,2025-12-09,C0029,P018,S07,E015,1,466.54,0.1,419.89,278,141.89,Transfer
477,2026-01-17,C0037,P041,S08,E002,9,262.34,0.1,2124.95,1422,702.95,Cash
478,2025-11-17,C0002,P037,S08,E008,7,422.5,0.15,2513.88,1995,518.88,Card
479,2025-07-28,C0125,P036,S03,E010,6,296.82,0.05,1691.87,1302,389.87,Transfer
480,2025-03-04,C0155,P004,S08,E009,4,45.02,0.05,171.08,116,55.08,Mobile
481,2026-01-09,C0110,P036,S07,E003,8,296.82,0.15,2018.38,1736,282.38,Card
482,2025-11-29,C0027,P011,S07,E018,6,299.96,0.0,1799.76,1104,695.76,Mobile
483,2025-07-27,C0018,P004,S05,E016,6,45.02,0.05,256.61,174,82.61,Mobile
484,2026-04-22,C0140,P028,S02,E016,8,442.13,0.1,3183.34,2128,1055.34,Transfer
485,2025-05-15,C0107,P011,S02,E005,9,299.96,0.0,2699.64,1656,1043.64,Mobile
486,2025-08-12,C0038,P005,S01,E018,2,119.18,0.15,202.61,162,40.61,Cash
487,2025-12-05,C0032,P020,S10,E018,2,392.13,0.0,784.26,452,332.26,Transfer
488,2025-03-18,C0106,P040,S08,E010,7,80.3,0.15,477.78,385,92.78,Mobile
489,2025-05-17,C0118,P040,S10,E016,8,80.3,0.15,546.04,440,106.04,Mobile
490,2025-10-12,C0161,P007,S03,E009,2,107.51,0.1,193.52,182,11.52,Cash
491,2025-02-06,C0002,P005,S06,E011,2,119.18,0.05,226.44,162,64.44,Cash
492,2026-03-26,C0159,P024,S01,E014,3,293.47,0.15,748.35,744,4.35,Mobile
493,2025-02-28,C0008,P029,S03,E008,2,162.04,0.15,275.47,224,51.47,Mobile
494,2025-05-12,C0074,P029,S10,E005,7,162.04,0.1,1020.85,784,236.85,Card
495,2025-05-30,C0151,P006,S04,E007,9,421.8,0.05,3606.39,2268,1338.39,Cash
496,2026-04-14,C0094,P046,S08,E014,4,17.63,0.15,59.94,44,15.94,Cash
497,2026-01-24,C0069,P036,S10,E001,7,296.82,0.05,1973.85,1519,454.85,Transfer
498,2026-03-15,C0066,P013,S03,E017,2,182.89,0.05,347.49,274,73.49,Mobile
499,2025-09-15,C0032,P050,S02,E012,10,477.56,0.1,4298.04,2850,1448.04,Mobile
500,2026-03-08,C0174,P037,S09,E015,8,422.5,0.1,3042.0,2280,762.0,Mobile
501,2025-02-19,C0125,P028,S06,E008,7,442.13,0.0,3094.91,1862,1232.91,Cash
502,2025-03-20,C0184,P002,S03,E016,1,274.71,0.1,247.24,245,2.24,Cash
503,2026-04-16,C0190,P005,S02,E006,4,119.18,0.05,452.88,324,128.88,Transfer
504,2025-07-11,C0060,P041,S01,E010,8,262.34,0.1,1888.85,1264,624.85,Mobile
505,2025-10-16,C0063,P020,S01,E010,9,392.13,0.15,2999.79,2034,965.79,Mobile
506,2025-07-21,C0047,P032,S05,E003,3,426.8,0.05,1216.38,897,319.38,Transfer
507,2025-11-06,C0191,P028,S03,E015,3,442.13,0.15,1127.43,798,329.43,Mobile
508,2026-01-01,C0060,P035,S01,E018,2,79.96,0.1,143.93,104,39.93,Card
509,2025-10-17,C0099,P017,S03,E011,8,146.38,0.05,1112.49,824,288.49,Transfer
510,2025-05-27,C0049,P028,S05,E007,5,442.13,0.0,2210.65,1330,880.65,Cash
511,2026-04-16,C0073,P023,S04,E017,1,424.36,0.0,424.36,268,156.36,Cash
512,2025-07-27,C0046,P042,S01,E014,2,302.99,0.05,575.68,474,101.68,Card
513,2025-11-25,C0014,P038,S08,E020,3,176.65,0.15,450.46,339,111.46,Transfer
514,2026-06-19,C0014,P018,S04,E004,5,466.54,0.05,2216.06,1390,826.06,Mobile
515,2026-06-11,C0082,P007,S02,E010,8,107.51,0.05,817.08,728,89.08,Card
516,2025-09-29,C0030,P016,S01,E001,5,95.32,0.15,405.11,430,-24.89,Transfer
517,2025-02-28,C0084,P033,S03,E002,9,126.43,0.05,1080.98,990,90.98,Cash
518,2025-09-11,C0008,P031,S05,E016,1,106.32,0.1,95.69,83,12.69,Mobile
519,2025-07-24,C0045,P028,S06,E003,6,442.13,0.0,2652.78,1596,1056.78,Transfer
520,2025-07-18,C0119,P031,S07,E015,3,106.32,0.1,287.06,249,38.06,Transfer
521,2025-09-10,C0060,P030,S02,E008,10,388.69,0.0,3886.9,3000,886.9,Cash
522,2025-03-25,C0032,P028,S10,E020,5,442.13,0.1,1989.58,1330,659.58,Transfer
523,2025-11-14,C0032,P025,S03,E014,4,345.2,0.1,1242.72,1184,58.72,Card
524,2025-07-21,C0021,P005,S07,E003,8,119.18,0.05,905.77,648,257.77,Mobile
525,2025-11-05,C0066,P041,S10,E017,3,262.34,0.05,747.67,474,273.67,Mobile
526,2025-04-22,C0169,P026,S06,E015,7,17.83,0.0,124.81,112,12.81,Mobile
527,2025-12-08,C0039,P017,S05,E011,7,146.38,0.05,973.43,721,252.43,Card
528,2026-02-17,C0069,P044,S06,E004,10,218.87,0.0,2188.7,1350,838.7,Card
529,2026-04-27,C0162,P001,S06,E019,4,24.41,0.1,87.88,56,31.88,Cash
530,2025-05-18,C0117,P025,S08,E017,1,345.2,0.15,293.42,296,-2.58,Card
531,2025-06-09,C0073,P033,S02,E011,5,126.43,0.1,568.94,550,18.94,Card
532,2025-07-21,C0195,P044,S02,E014,6,218.87,0.1,1181.9,810,371.9,Card
533,2026-06-09,C0137,P012,S02,E013,7,317.68,0.05,2112.57,1442,670.57,Cash
534,2026-02-08,C0089,P022,S10,E017,7,30.64,0.05,203.76,147,56.76,Mobile
535,2025-04-06,C0196,P039,S09,E008,10,258.64,0.05,2457.08,1620,837.08,Card
536,2026-01-23,C0198,P013,S06,E009,8,182.89,0.15,1243.65,1096,147.65,Cash
537,2025-01-25,C0098,P001,S09,E013,9,24.41,0.1,197.72,126,71.72,Card
538,2025-04-12,C0105,P021,S02,E016,3,78.84,0.1,212.87,144,68.87,Mobile
539,2025-03-25,C0145,P031,S02,E008,1,106.32,0.15,90.37,83,7.37,Transfer
540,2025-12-31,C0183,P038,S05,E008,7,176.65,0.1,1112.9,791,321.9,Mobile
541,2026-02-15,C0160,P012,S01,E008,3,317.68,0.05,905.39,618,287.39,Card
542,2025-12-14,C0048,P008,S02,E007,10,216.88,0.05,2060.36,1390,670.36,Mobile
543,2026-01-06,C0090,P046,S07,E008,1,17.63,0.1,15.87,11,4.87,Transfer
544,2025-08-19,C0120,P034,S03,E012,7,198.57,0.0,1389.99,924,465.99,Transfer
545,2026-06-12,C0108,P032,S07,E009,2,426.8,0.15,725.56,598,127.56,Cash
546,2025-06-02,C0068,P022,S01,E017,8,30.64,0.15,208.35,168,40.35,Transfer
547,2025-12-26,C0181,P003,S08,E011,7,303.16,0.05,2016.01,1533,483.01,Mobile
548,2025-05-29,C0184,P041,S04,E004,9,262.34,0.0,2361.06,1422,939.06,Card
549,2025-08-18,C0145,P023,S03,E015,5,424.36,0.1,1909.62,1340,569.62,Transfer
550,2025-07-06,C0100,P035,S09,E012,6,79.96,0.0,479.76,312,167.76,Transfer
551,2025-11-06,C0131,P027,S05,E015,9,144.07,0.15,1102.14,855,247.14,Cash
552,2025-10-03,C0191,P049,S05,E007,1,328.89,0.0,328.89,296,32.89,Mobile
553,2025-09-09,C0072,P005,S02,E014,9,119.18,0.05,1018.99,729,289.99,Mobile
554,2025-10-27,C0155,P047,S08,E003,9,165.58,0.1,1341.2,1323,18.2,Mobile
555,2026-05-09,C0032,P016,S09,E012,4,95.32,0.05,362.22,344,18.22,Cash
556,2025-11-27,C0063,P007,S08,E003,1,107.51,0.0,107.51,91,16.51,Card
557,2025-05-16,C0022,P024,S08,E003,1,293.47,0.15,249.45,248,1.45,Cash
558,2025-05-09,C0177,P009,S08,E014,3,252.01,0.15,642.63,579,63.63,Mobile
559,2025-09-14,C0140,P031,S02,E020,5,106.32,0.0,531.6,415,116.6,Cash
560,2025-02-04,C0060,P048,S09,E018,9,310.27,0.1,2513.19,2025,488.19,Card
561,2025-02-12,C0034,P023,S06,E013,1,424.36,0.15,360.71,268,92.71,Cash
562,2025-11-12,C0084,P018,S04,E014,10,466.54,0.15,3965.59,2780,1185.59,Mobile
563,2025-09-16,C0002,P012,S02,E010,2,317.68,0.15,540.06,412,128.06,Card
564,2025-01-14,C0101,P037,S02,E019,10,422.5,0.15,3591.25,2850,741.25,Cash
565,2026-03-06,C0135,P007,S08,E018,4,107.51,0.0,430.04,364,66.04,Transfer
566,2025-05-28,C0127,P004,S08,E020,9,45.02,0.0,405.18,261,144.18,Transfer
567,2025-07-31,C0069,P048,S09,E001,3,310.27,0.0,930.81,675,255.81,Mobile
568,2025-05-28,C0038,P024,S06,E013,10,293.47,0.15,2494.5,2480,14.5,Mobile
569,2026-01-15,C0181,P025,S07,E020,5,345.2,0.15,1467.1,1480,-12.9,Cash
570,2025-08-17,C0064,P011,S10,E012,1,299.96,0.05,284.96,184,100.96,Mobile
571,2025-03-26,C0008,P006,S04,E011,9,421.8,0.0,3796.2,2268,1528.2,Card
572,2025-03-28,C0131,P044,S03,E002,4,218.87,0.05,831.71,540,291.71,Transfer
573,2025-12-23,C0109,P003,S06,E007,5,303.16,0.1,1364.22,1095,269.22,Cash
574,2025-05-15,C0046,P026,S07,E001,10,17.83,0.15,151.55,160,-8.45,Card
575,2026-01-10,C0198,P025,S04,E014,1,345.2,0.1,310.68,296,14.68,Card
576,2025-07-27,C0107,P008,S10,E013,4,216.88,0.15,737.39,556,181.39,Cash
577,2025-08-01,C0026,P050,S01,E010,3,477.56,0.0,1432.68,855,577.68,Card
578,2026-01-04,C0048,P032,S10,E006,9,426.8,0.15,3265.02,2691,574.02,Card
579,2026-05-27,C0166,P011,S02,E015,9,299.96,0.05,2564.66,1656,908.66,Card
580,2025-12-25,C0114,P003,S04,E019,5,303.16,0.1,1364.22,1095,269.22,Cash
581,2025-10-03,C0062,P031,S07,E009,4,106.32,0.05,404.02,332,72.02,Card
582,2026-02-25,C0052,P034,S08,E017,6,198.57,0.15,1012.71,792,220.71,Transfer
583,2025-08-16,C0139,P044,S03,E014,1,218.87,0.05,207.93,135,72.93,Cash
584,2026-03-03,C0110,P027,S09,E013,9,144.07,0.0,1296.63,855,441.63,Mobile
585,2025-03-02,C0101,P019,S04,E018,2,186.03,0.05,353.46,252,101.46,Card
586,2026-01-19,C0164,P014,S02,E013,7,287.52,0.15,1710.74,1393,317.74,Transfer
587,2025-11-17,C0046,P018,S07,E018,9,466.54,0.1,3778.97,2502,1276.97,Card
588,2025-08-21,C0022,P038,S05,E014,4,176.65,0.0,706.6,452,254.6,Card
589,2025-02-04,C0101,P014,S06,E013,8,287.52,0.1,2070.14,1592,478.14,Mobile
590,2025-02-25,C0074,P035,S04,E005,7,79.96,0.05,531.73,364,167.73,Card
591,2026-04-08,C0109,P044,S05,E012,6,218.87,0.1,1181.9,810,371.9,Transfer
592,2026-04-10,C0101,P044,S06,E002,5,218.87,0.05,1039.63,675,364.63,Card
593,2025-09-11,C0091,P028,S03,E017,2,442.13,0.05,840.05,532,308.05,Mobile
594,2025-01-13,C0107,P040,S06,E005,7,80.3,0.1,505.89,385,120.89,Transfer
595,2026-01-31,C0054,P041,S07,E020,2,262.34,0.05,498.45,316,182.45,Cash
596,2025-04-26,C0036,P032,S07,E004,8,426.8,0.05,3243.68,2392,851.68,Mobile
597,2026-04-24,C0198,P017,S08,E018,9,146.38,0.05,1251.55,927,324.55,Cash
598,2025-12-28,C0015,P003,S10,E015,3,303.16,0.0,909.48,657,252.48,Card
599,2025-07-26,C0187,P032,S04,E020,8,426.8,0.15,2902.24,2392,510.24,Cash
600,2026-05-06,C0072,P038,S03,E018,6,176.65,0.05,1006.91,678,328.91,Mobile
601,2025-02-19,C0040,P037,S04,E001,9,422.5,0.15,3232.12,2565,667.12,Transfer
602,2025-07-08,C0166,P014,S01,E013,7,287.52,0.0,2012.64,1393,619.64,Transfer
603,2025-10-20,C0036,P035,S03,E010,9,79.96,0.05,683.66,468,215.66,Card
604,2025-08-05,C0131,P042,S04,E002,5,302.99,0.15,1287.71,1185,102.71,Card
605,2025-12-02,C0092,P023,S07,E002,10,424.36,0.15,3607.06,2680,927.06,Mobile
606,2026-05-21,C0040,P030,S06,E010,2,388.69,0.05,738.51,600,138.51,Card
607,2026-04-18,C0092,P023,S06,E012,1,424.36,0.15,360.71,268,92.71,Card
608,2025-09-05,C0107,P019,S02,E008,9,186.03,0.05,1590.56,1134,456.56,Transfer
609,2025-12-09,C0162,P013,S08,E001,5,182.89,0.15,777.28,685,92.28,Mobile
610,2025-01-28,C0109,P024,S07,E006,8,293.47,0.05,2230.37,1984,246.37,Transfer
611,2025-07-15,C0152,P031,S07,E001,9,106.32,0.15,813.35,747,66.35,Card
612,2026-01-07,C0114,P033,S05,E003,8,126.43,0.1,910.3,880,30.3,Cash
613,2025-06-11,C0035,P031,S01,E012,9,106.32,0.1,861.19,747,114.19,Mobile
614,2025-02-05,C0004,P004,S08,E015,4,45.02,0.0,180.08,116,64.08,Mobile
615,2026-02-20,C0046,P025,S02,E008,7,345.2,0.05,2295.58,2072,223.58,Transfer
616,2025-01-26,C0028,P031,S04,E014,5,106.32,0.05,505.02,415,90.02,Transfer
617,2025-11-10,C0029,P048,S08,E005,8,310.27,0.1,2233.94,1800,433.94,Transfer
618,2025-12-14,C0010,P014,S05,E007,6,287.52,0.1,1552.61,1194,358.61,Transfer
619,2025-01-04,C0081,P029,S08,E004,8,162.04,0.05,1231.5,896,335.5,Cash
620,2025-09-16,C0011,P050,S03,E017,7,477.56,0.1,3008.63,1995,1013.63,Transfer
621,2026-02-13,C0046,P014,S01,E015,6,287.52,0.1,1552.61,1194,358.61,Transfer
622,2026-05-07,C0042,P049,S10,E014,3,328.89,0.05,937.34,888,49.34,Mobile
623,2025-04-04,C0157,P047,S08,E006,2,165.58,0.1,298.04,294,4.04,Mobile
624,2025-03-06,C0008,P030,S09,E018,8,388.69,0.05,2954.04,2400,554.04,Mobile
625,2025-09-02,C0012,P036,S09,E010,10,296.82,0.05,2819.79,2170,649.79,Mobile
626,2025-09-21,C0146,P017,S06,E018,10,146.38,0.15,1244.23,1030,214.23,Transfer
627,2025-02-04,C0047,P047,S07,E008,9,165.58,0.1,1341.2,1323,18.2,Mobile
628,2025-09-06,C0017,P049,S10,E009,6,328.89,0.1,1776.01,1776,0.01,Transfer
629,2025-10-28,C0123,P009,S08,E006,9,252.01,0.0,2268.09,1737,531.09,Cash
630,2025-02-21,C0147,P035,S10,E017,10,79.96,0.05,759.62,520,239.62,Transfer
631,2025-08-20,C0152,P038,S03,E005,5,176.65,0.0,883.25,565,318.25,Mobile
632,2025-07-24,C0156,P017,S08,E006,10,146.38,0.1,1317.42,1030,287.42,Cash
633,2025-01-18,C0020,P040,S07,E012,4,80.3,0.0,321.2,220,101.2,Mobile
634,2025-01-06,C0110,P039,S01,E008,4,258.64,0.05,982.83,648,334.83,Cash
635,2026-01-14,C0096,P050,S09,E020,7,477.56,0.0,3342.92,1995,1347.92,Card
636,2025-11-22,C0126,P007,S01,E015,7,107.51,0.0,752.57,637,115.57,Card
637,2026-03-20,C0154,P021,S10,E013,7,78.84,0.0,551.88,336,215.88,Cash
638,2025-08-26,C0102,P020,S08,E013,6,392.13,0.1,2117.5,1356,761.5,Transfer
639,2026-02-22,C0156,P003,S07,E019,1,303.16,0.0,303.16,219,84.16,Card
640,2025-07-15,C0037,P014,S08,E014,3,287.52,0.1,776.3,597,179.3,Transfer
641,2026-01-17,C0093,P008,S02,E013,1,216.88,0.1,195.19,139,56.19,Card
642,2025-02-20,C0188,P023,S05,E009,1,424.36,0.05,403.14,268,135.14,Transfer
643,2025-05-11,C0036,P039,S04,E011,1,258.64,0.0,258.64,162,96.64,Card
644,2025-07-23,C0105,P011,S06,E005,3,299.96,0.15,764.9,552,212.9,Transfer
645,2026-04-17,C0007,P025,S10,E006,10,345.2,0.05,3279.4,2960,319.4,Cash
646,2026-03-01,C0169,P036,S05,E017,1,296.82,0.05,281.98,217,64.98,Card
647,2026-06-22,C0199,P027,S09,E018,1,144.07,0.0,144.07,95,49.07,Mobile
648,2026-03-28,C0120,P048,S10,E020,5,310.27,0.15,1318.65,1125,193.65,Cash
649,2025-04-19,C0077,P032,S04,E002,10,426.8,0.1,3841.2,2990,851.2,Card
650,2025-07-03,C0168,P035,S07,E013,2,79.96,0.05,151.92,104,47.92,Card
651,2025-07-31,C0125,P042,S10,E005,10,302.99,0.05,2878.4,2370,508.4,Cash
652,2026-01-03,C0172,P045,S01,E020,7,321.9,0.15,1915.3,1442,473.3,Mobile
653,2025-09-13,C0157,P024,S05,E006,8,293.47,0.0,2347.76,1984,363.76,Mobile
654,2025-03-30,C0067,P014,S09,E010,2,287.52,0.1,517.54,398,119.54,Card
655,2025-11-19,C0021,P012,S03,E017,9,317.68,0.0,2859.12,1854,1005.12,Card
656,2025-01-01,C0016,P007,S02,E018,3,107.51,0.0,322.53,273,49.53,Transfer
657,2026-06-22,C0166,P036,S09,E003,8,296.82,0.0,2374.56,1736,638.56,Mobile
658,2025-10-10,C0092,P033,S08,E003,8,126.43,0.0,1011.44,880,131.44,Transfer
659,2025-07-01,C0194,P042,S10,E001,2,302.99,0.05,575.68,474,101.68,Mobile
660,2025-06-08,C0125,P034,S02,E012,4,198.57,0.05,754.57,528,226.57,Mobile
661,2025-07-01,C0129,P022,S05,E004,10,30.64,0.0,306.4,210,96.4,Transfer
662,2025-11-26,C0138,P040,S08,E019,2,80.3,0.0,160.6,110,50.6,Transfer
663,2026-06-03,C0113,P047,S09,E015,8,165.58,0.1,1192.18,1176,16.18,Card
664,2025-03-21,C0171,P001,S05,E002,5,24.41,0.1,109.84,70,39.84,Mobile
665,2025-11-28,C0171,P044,S05,E004,3,218.87,0.15,558.12,405,153.12,Transfer
666,2025-09-07,C0100,P040,S09,E019,7,80.3,0.05,534.0,385,149.0,Cash
667,2025-09-17,C0011,P015,S05,E008,7,316.6,0.05,2105.39,1498,607.39,Transfer
668,2026-01-26,C0027,P020,S03,E008,2,392.13,0.1,705.83,452,253.83,Mobile
669,2026-02-21,C0199,P041,S02,E017,6,262.34,0.15,1337.93,948,389.93,Mobile
670,2025-07-23,C0101,P017,S10,E019,1,146.38,0.15,124.42,103,21.42,Transfer
671,2025-05-17,C0097,P049,S01,E001,10,328.89,0.05,3124.45,2960,164.45,Cash
672,2025-12-21,C0132,P040,S08,E011,8,80.3,0.0,642.4,440,202.4,Card
673,2025-08-08,C0170,P041,S04,E013,4,262.34,0.15,891.96,632,259.96,Transfer
674,2025-10-08,C0042,P001,S05,E003,8,24.41,0.1,175.75,112,63.75,Cash
675,2025-09-07,C0025,P039,S08,E004,9,258.64,0.15,1978.6,1458,520.6,Mobile
676,2025-04-26,C0179,P027,S06,E017,9,144.07,0.05,1231.8,855,376.8,Mobile
677,2026-06-18,C0025,P039,S08,E008,10,258.64,0.05,2457.08,1620,837.08,Cash
678,2025-09-15,C0148,P012,S09,E010,2,317.68,0.15,540.06,412,128.06,Cash
679,2025-09-07,C0111,P044,S03,E017,6,218.87,0.15,1116.24,810,306.24,Mobile
680,2025-09-20,C0105,P029,S09,E019,2,162.04,0.15,275.47,224,51.47,Cash
681,2025-05-02,C0069,P022,S07,E002,2,30.64,0.15,52.09,42,10.09,Cash
682,2025-03-18,C0101,P017,S08,E016,9,146.38,0.1,1185.68,927,258.68,Card
683,2025-09-25,C0102,P033,S07,E013,7,126.43,0.0,885.01,770,115.01,Mobile
684,2025-05-14,C0019,P031,S08,E013,1,106.32,0.05,101.0,83,18.0,Card
685,2025-07-21,C0104,P043,S07,E014,2,136.26,0.15,231.64,154,77.64,Cash
686,2025-02-14,C0125,P006,S07,E005,5,421.8,0.0,2109.0,1260,849.0,Card
687,2025-10-18,C0021,P003,S09,E002,4,303.16,0.15,1030.74,876,154.74,Mobile
688,2025-06-12,C0077,P010,S01,E010,3,50.88,0.15,129.74,114,15.74,Transfer
689,2025-10-28,C0009,P002,S08,E003,1,274.71,0.1,247.24,245,2.24,Card
690,2026-05-20,C0068,P048,S08,E001,10,310.27,0.15,2637.29,2250,387.29,Mobile
691,2025-02-20,C0089,P022,S04,E011,1,30.64,0.1,27.58,21,6.58,Card
692,2025-04-04,C0011,P041,S02,E005,4,262.34,0.05,996.89,632,364.89,Transfer
693,2026-05-01,C0006,P019,S07,E019,6,186.03,0.15,948.75,756,192.75,Mobile
694,2025-04-18,C0107,P002,S09,E013,4,274.71,0.05,1043.9,980,63.9,Card
695,2025-11-20,C0105,P035,S07,E018,9,79.96,0.0,719.64,468,251.64,Card
696,2025-06-30,C0029,P021,S10,E004,3,78.84,0.15,201.04,144,57.04,Transfer
697,2026-04-29,C0128,P036,S09,E006,3,296.82,0.1,801.41,651,150.41,Transfer
698,2025-03-14,C0184,P023,S09,E011,4,424.36,0.1,1527.7,1072,455.7,Card
699,2025-09-27,C0199,P022,S03,E005,10,30.64,0.05,291.08,210,81.08,Cash
700,2025-05-13,C0159,P040,S04,E010,8,80.3,0.1,578.16,440,138.16,Cash
701,2026-05-20,C0192,P039,S01,E006,7,258.64,0.15,1538.91,1134,404.91,Mobile
702,2025-11-11,C0072,P012,S03,E012,8,317.68,0.1,2287.3,1648,639.3,Transfer
703,2025-09-06,C0180,P007,S06,E004,2,107.51,0.15,182.77,182,0.77,Transfer
704,2026-01-11,C0174,P007,S09,E010,4,107.51,0.0,430.04,364,66.04,Cash
705,2026-06-15,C0004,P037,S07,E004,10,422.5,0.1,3802.5,2850,952.5,Cash
706,2026-04-19,C0028,P030,S04,E012,1,388.69,0.05,369.26,300,69.26,Cash
707,2026-02-15,C0048,P021,S08,E020,9,78.84,0.05,674.08,432,242.08,Cash
708,2026-05-06,C0047,P001,S06,E005,9,24.41,0.1,197.72,126,71.72,Cash
709,2026-02-10,C0042,P008,S03,E008,3,216.88,0.0,650.64,417,233.64,Transfer
710,2025-08-11,C0002,P006,S10,E007,2,421.8,0.0,843.6,504,339.6,Cash
711,2026-01-21,C0077,P027,S03,E011,8,144.07,0.05,1094.93,760,334.93,Transfer
712,2025-04-21,C0157,P047,S10,E007,10,165.58,0.15,1407.43,1470,-62.57,Transfer
713,2026-04-03,C0185,P025,S04,E006,1,345.2,0.15,293.42,296,-2.58,Cash
714,2026-04-25,C0060,P004,S02,E003,9,45.02,0.1,364.66,261,103.66,Card
715,2025-09-12,C0062,P024,S09,E012,10,293.47,0.05,2787.96,2480,307.96,Cash
716,2026-04-06,C0009,P007,S02,E006,10,107.51,0.05,1021.34,910,111.34,Mobile
717,2026-06-02,C0059,P002,S04,E002,3,274.71,0.15,700.51,735,-34.49,Transfer
718,2026-03-18,C0138,P002,S04,E009,3,274.71,0.05,782.92,735,47.92,Transfer
719,2025-10-30,C0152,P043,S04,E004,10,136.26,0.05,1294.47,770,524.47,Cash
720,2025-07-02,C0190,P036,S03,E014,6,296.82,0.1,1602.83,1302,300.83,Transfer
721,2025-01-24,C0200,P050,S09,E008,9,477.56,0.1,3868.24,2565,1303.24,Cash
722,2025-02-21,C0053,P043,S07,E004,6,136.26,0.15,694.93,462,232.93,Mobile
723,2025-07-27,C0194,P004,S08,E004,7,45.02,0.15,267.87,203,64.87,Card
724,2025-09-26,C0002,P034,S02,E013,3,198.57,0.1,536.14,396,140.14,Cash
725,2025-10-08,C0164,P037,S10,E007,4,422.5,0.1,1521.0,1140,381.0,Mobile
726,2026-04-09,C0011,P007,S07,E017,9,107.51,0.05,919.21,819,100.21,Mobile
727,2025-03-03,C0075,P014,S06,E008,7,287.52,0.0,2012.64,1393,619.64,Card
728,2026-04-26,C0010,P028,S09,E007,8,442.13,0.15,3006.48,2128,878.48,Cash
729,2026-03-15,C0188,P018,S04,E006,6,466.54,0.1,2519.32,1668,851.32,Transfer
730,2026-01-19,C0028,P011,S06,E014,10,299.96,0.1,2699.64,1840,859.64,Mobile
731,2025-08-17,C0026,P013,S03,E017,8,182.89,0.15,1243.65,1096,147.65,Mobile
732,2025-02-28,C0027,P038,S02,E013,10,176.65,0.15,1501.52,1130,371.52,Mobile
733,2026-05-19,C0147,P005,S06,E020,5,119.18,0.05,566.1,405,161.1,Mobile
734,2025-01-13,C0061,P016,S08,E013,9,95.32,0.0,857.88,774,83.88,Transfer
735,2025-03-29,C0042,P035,S07,E004,10,79.96,0.1,719.64,520,199.64,Cash
736,2025-07-04,C0045,P002,S05,E019,4,274.71,0.1,988.96,980,8.96,Cash
737,2026-03-05,C0074,P024,S03,E005,4,293.47,0.0,1173.88,992,181.88,Card
738,2025-07-14,C0032,P031,S06,E016,10,106.32,0.1,956.88,830,126.88,Card
739,2025-07-15,C0046,P032,S06,E017,5,426.8,0.0,2134.0,1495,639.0,Card
740,2025-04-24,C0084,P036,S10,E019,4,296.82,0.15,1009.19,868,141.19,Transfer
741,2026-05-31,C0078,P039,S07,E018,3,258.64,0.0,775.92,486,289.92,Mobile
742,2025-11-21,C0087,P026,S03,E009,7,17.83,0.0,124.81,112,12.81,Transfer
743,2025-06-13,C0119,P025,S04,E013,10,345.2,0.15,2934.2,2960,-25.8,Mobile
744,2025-05-05,C0143,P041,S03,E009,2,262.34,0.15,445.98,316,129.98,Transfer
745,2025-11-02,C0052,P021,S06,E005,7,78.84,0.1,496.69,336,160.69,Card
746,2026-03-18,C0056,P004,S05,E018,9,45.02,0.0,405.18,261,144.18,Card
747,2025-12-12,C0014,P040,S08,E009,3,80.3,0.0,240.9,165,75.9,Cash
748,2025-02-07,C0191,P050,S06,E003,1,477.56,0.05,453.68,285,168.68,Card
749,2025-07-12,C0166,P025,S10,E002,3,345.2,0.05,983.82,888,95.82,Cash
750,2025-03-03,C0139,P017,S04,E017,7,146.38,0.15,870.96,721,149.96,Card
751,2026-03-13,C0046,P010,S01,E017,2,50.88,0.1,91.58,76,15.58,Mobile
752,2025-02-01,C0118,P003,S06,E013,5,303.16,0.1,1364.22,1095,269.22,Mobile
753,2025-12-30,C0186,P030,S03,E014,8,388.69,0.15,2643.09,2400,243.09,Cash
754,2025-09-23,C0146,P019,S01,E001,9,186.03,0.1,1506.84,1134,372.84,Mobile
755,2025-07-21,C0100,P025,S09,E020,3,345.2,0.15,880.26,888,-7.74,Mobile
756,2026-06-11,C0016,P032,S10,E006,3,426.8,0.05,1216.38,897,319.38,Mobile
757,2025-07-22,C0012,P030,S10,E020,8,388.69,0.0,3109.52,2400,709.52,Mobile
758,2025-01-06,C0037,P049,S04,E013,2,328.89,0.15,559.11,592,-32.89,Transfer
759,2026-02-03,C0082,P010,S01,E020,4,50.88,0.0,203.52,152,51.52,Cash
760,2025-12-27,C0179,P005,S01,E014,4,119.18,0.1,429.05,324,105.05,Transfer
761,2026-06-02,C0042,P005,S03,E017,7,119.18,0.1,750.83,567,183.83,Card
762,2026-03-23,C0056,P030,S04,E015,1,388.69,0.0,388.69,300,88.69,Cash
763,2025-06-13,C0141,P030,S05,E017,1,388.69,0.15,330.39,300,30.39,Mobile
764,2025-07-16,C0182,P014,S05,E011,3,287.52,0.15,733.18,597,136.18,Cash
765,2026-05-11,C0014,P002,S09,E013,2,274.71,0.0,549.42,490,59.42,Transfer
766,2025-04-19,C0119,P039,S05,E002,9,258.64,0.0,2327.76,1458,869.76,Transfer
767,2025-11-15,C0118,P012,S01,E005,8,317.68,0.05,2414.37,1648,766.37,Transfer
768,2025-05-06,C0166,P012,S02,E014,9,317.68,0.0,2859.12,1854,1005.12,Mobile
769,2026-03-10,C0092,P045,S09,E019,9,321.9,0.0,2897.1,1854,1043.1,Card
770,2026-05-27,C0184,P019,S10,E017,10,186.03,0.15,1581.26,1260,321.26,Mobile
771,2026-04-24,C0062,P010,S04,E019,5,50.88,0.15,216.24,190,26.24,Card
772,2025-10-11,C0189,P027,S01,E015,3,144.07,0.0,432.21,285,147.21,Mobile
773,2025-10-24,C0140,P040,S05,E005,3,80.3,0.05,228.85,165,63.85,Cash
774,2025-06-20,C0044,P035,S07,E006,3,79.96,0.0,239.88,156,83.88,Card
775,2025-12-14,C0199,P030,S03,E018,7,388.69,0.1,2448.75,2100,348.75,Card
776,2025-01-12,C0199,P027,S04,E006,7,144.07,0.1,907.64,665,242.64,Transfer
777,2025-08-20,C0160,P040,S01,E014,1,80.3,0.0,80.3,55,25.3,Cash
778,2025-06-28,C0176,P046,S10,E001,9,17.63,0.0,158.67,99,59.67,Mobile
779,2026-01-08,C0103,P041,S04,E019,7,262.34,0.05,1744.56,1106,638.56,Mobile
780,2025-05-05,C0129,P032,S05,E001,9,426.8,0.1,3457.08,2691,766.08,Transfer
781,2025-10-21,C0015,P031,S02,E012,9,106.32,0.0,956.88,747,209.88,Transfer
782,2025-10-09,C0182,P043,S01,E002,2,136.26,0.15,231.64,154,77.64,Transfer
783,2025-09-09,C0197,P041,S05,E016,6,262.34,0.1,1416.64,948,468.64,Transfer
784,2026-02-23,C0098,P010,S08,E006,2,50.88,0.05,96.67,76,20.67,Mobile
785,2025-08-15,C0117,P041,S09,E003,8,262.34,0.15,1783.91,1264,519.91,Mobile
786,2025-07-25,C0159,P039,S03,E002,7,258.64,0.05,1719.96,1134,585.96,Card
787,2025-12-27,C0175,P034,S02,E009,8,198.57,0.1,1429.7,1056,373.7,Card
788,2025-01-19,C0173,P028,S05,E014,6,442.13,0.1,2387.5,1596,791.5,Mobile
789,2025-03-27,C0181,P026,S01,E009,5,17.83,0.1,80.24,80,0.24,Mobile
790,2026-01-16,C0159,P044,S07,E001,3,218.87,0.05,623.78,405,218.78,Card
791,2025-08-16,C0172,P003,S02,E007,9,303.16,0.05,2592.02,1971,621.02,Cash
792,2025-02-13,C0106,P005,S06,E005,4,119.18,0.05,452.88,324,128.88,Cash
793,2025-03-04,C0159,P023,S01,E004,8,424.36,0.05,3225.14,2144,1081.14,Cash
794,2025-03-06,C0097,P003,S10,E020,4,303.16,0.1,1091.38,876,215.38,Card
795,2025-10-26,C0044,P037,S10,E010,6,422.5,0.15,2154.75,1710,444.75,Transfer
796,2025-08-22,C0057,P046,S02,E013,5,17.63,0.1,79.33,55,24.33,Card
797,2025-12-27,C0153,P033,S09,E019,6,126.43,0.1,682.72,660,22.72,Transfer
798,2025-04-03,C0112,P050,S06,E017,1,477.56,0.0,477.56,285,192.56,Transfer
799,2025-11-09,C0133,P022,S05,E013,9,30.64,0.05,261.97,189,72.97,Transfer
800,2025-04-13,C0170,P035,S10,E005,3,79.96,0.05,227.89,156,71.89,Card
801,2026-03-09,C0068,P039,S09,E020,5,258.64,0.15,1099.22,810,289.22,Transfer
802,2026-04-04,C0015,P050,S08,E018,5,477.56,0.15,2029.63,1425,604.63,Mobile
803,2025-11-02,C0158,P029,S09,E006,1,162.04,0.0,162.04,112,50.04,Cash
804,2026-01-07,C0115,P007,S06,E010,2,107.51,0.05,204.27,182,22.27,Card
805,2025-05-13,C0175,P022,S08,E011,5,30.64,0.0,153.2,105,48.2,Card
806,2025-02-27,C0031,P026,S03,E016,6,17.83,0.0,106.98,96,10.98,Mobile
807,2026-02-20,C0016,P017,S10,E005,9,146.38,0.0,1317.42,927,390.42,Cash
808,2026-04-15,C0063,P002,S10,E008,5,274.71,0.0,1373.55,1225,148.55,Card
809,2025-05-16,C0149,P013,S03,E006,3,182.89,0.15,466.37,411,55.37,Transfer
810,2025-01-31,C0189,P011,S08,E015,1,299.96,0.1,269.96,184,85.96,Cash
811,2025-05-21,C0098,P033,S05,E002,1,126.43,0.15,107.47,110,-2.53,Cash
812,2025-07-08,C0057,P011,S10,E010,9,299.96,0.0,2699.64,1656,1043.64,Cash
813,2025-07-09,C0010,P032,S10,E004,10,426.8,0.1,3841.2,2990,851.2,Mobile
814,2025-04-29,C0143,P025,S02,E011,3,345.2,0.1,932.04,888,44.04,Card
815,2025-12-11,C0152,P023,S08,E012,4,424.36,0.05,1612.57,1072,540.57,Cash
816,2025-10-07,C0147,P047,S09,E006,10,165.58,0.0,1655.8,1470,185.8,Cash
817,2025-10-29,C0144,P022,S03,E001,9,30.64,0.1,248.18,189,59.18,Mobile
818,2026-01-07,C0148,P045,S09,E012,9,321.9,0.05,2752.24,1854,898.24,Mobile
819,2025-12-19,C0105,P043,S02,E003,8,136.26,0.15,926.57,616,310.57,Cash
820,2025-07-31,C0010,P030,S10,E019,4,388.69,0.1,1399.28,1200,199.28,Cash
821,2025-08-15,C0198,P013,S10,E014,10,182.89,0.1,1646.01,1370,276.01,Mobile
822,2026-03-19,C0196,P022,S10,E009,1,30.64,0.0,30.64,21,9.64,Transfer
823,2025-12-03,C0046,P038,S06,E013,2,176.65,0.0,353.3,226,127.3,Mobile
824,2026-03-06,C0181,P011,S08,E007,3,299.96,0.05,854.89,552,302.89,Cash
825,2025-07-22,C0171,P039,S03,E003,9,258.64,0.05,2211.37,1458,753.37,Cash
826,2026-04-09,C0066,P011,S01,E013,2,299.96,0.05,569.92,368,201.92,Transfer
827,2026-04-08,C0032,P008,S02,E007,7,216.88,0.05,1442.25,973,469.25,Card
828,2025-06-29,C0106,P036,S08,E015,4,296.82,0.0,1187.28,868,319.28,Transfer
829,2026-03-07,C0024,P015,S07,E012,3,316.6,0.05,902.31,642,260.31,Transfer
830,2025-01-08,C0051,P024,S05,E012,2,293.47,0.15,498.9,496,2.9,Transfer
831,2025-09-09,C0109,P002,S06,E012,1,274.71,0.05,260.97,245,15.97,Mobile
832,2025-02-06,C0164,P009,S04,E011,8,252.01,0.0,2016.08,1544,472.08,Cash
833,2025-09-07,C0015,P047,S05,E004,7,165.58,0.1,1043.15,1029,14.15,Transfer
834,2026-03-17,C0093,P020,S09,E003,10,392.13,0.05,3725.24,2260,1465.24,Transfer
835,2026-05-05,C0042,P030,S04,E019,2,388.69,0.15,660.77,600,60.77,Cash
836,2025-07-23,C0054,P016,S06,E020,9,95.32,0.0,857.88,774,83.88,Cash
837,2026-02-25,C0131,P033,S07,E019,10,126.43,0.15,1074.66,1100,-25.34,Transfer
838,2025-10-16,C0132,P020,S06,E007,7,392.13,0.15,2333.17,1582,751.17,Card
839,2025-04-08,C0187,P001,S08,E012,9,24.41,0.1,197.72,126,71.72,Mobile
840,2025-03-28,C0127,P011,S01,E013,3,299.96,0.0,899.88,552,347.88,Card
841,2025-07-07,C0132,P011,S02,E013,10,299.96,0.05,2849.62,1840,1009.62,Card
842,2025-12-30,C0179,P009,S10,E014,9,252.01,0.15,1927.88,1737,190.88,Card
843,2025-08-28,C0198,P024,S10,E012,7,293.47,0.1,1848.86,1736,112.86,Cash
844,2026-05-29,C0196,P036,S05,E005,5,296.82,0.1,1335.69,1085,250.69,Card
845,2025-10-05,C0030,P025,S02,E002,8,345.2,0.0,2761.6,2368,393.6,Cash
846,2026-05-14,C0119,P021,S10,E013,8,78.84,0.05,599.18,384,215.18,Card
847,2025-06-23,C0014,P017,S05,E015,1,146.38,0.15,124.42,103,21.42,Cash
848,2025-08-02,C0161,P049,S03,E007,3,328.89,0.05,937.34,888,49.34,Card
849,2025-01-18,C0193,P010,S07,E020,1,50.88,0.15,43.25,38,5.25,Transfer
850,2025-06-04,C0083,P029,S06,E018,6,162.04,0.1,875.02,672,203.02,Transfer
851,2026-04-10,C0197,P041,S03,E003,1,262.34,0.1,236.11,158,78.11,Cash
852,2025-04-17,C0049,P036,S07,E020,1,296.82,0.15,252.3,217,35.3,Mobile
853,2025-09-26,C0133,P039,S07,E002,10,258.64,0.0,2586.4,1620,966.4,Mobile
854,2025-01-03,C0180,P033,S05,E014,4,126.43,0.0,505.72,440,65.72,Cash
855,2026-02-16,C0016,P033,S10,E009,6,126.43,0.1,682.72,660,22.72,Card
856,2025-06-14,C0115,P014,S01,E020,4,287.52,0.0,1150.08,796,354.08,Mobile
857,2025-06-22,C0182,P012,S08,E003,2,317.68,0.0,635.36,412,223.36,Cash
858,2025-05-25,C0058,P010,S01,E018,9,50.88,0.0,457.92,342,115.92,Cash
859,2026-03-22,C0183,P034,S02,E016,9,198.57,0.05,1697.77,1188,509.77,Transfer
860,2025-08-06,C0063,P020,S02,E007,6,392.13,0.05,2235.14,1356,879.14,Card
861,2025-03-22,C0178,P026,S04,E005,5,17.83,0.0,89.15,80,9.15,Cash
862,2026-01-05,C0064,P016,S03,E006,8,95.32,0.1,686.3,688,-1.7,Card
863,2026-01-16,C0136,P007,S09,E006,7,107.51,0.0,752.57,637,115.57,Cash
864,2025-10-13,C0002,P017,S09,E019,9,146.38,0.0,1317.42,927,390.42,Mobile
865,2025-04-26,C0091,P033,S06,E017,7,126.43,0.05,840.76,770,70.76,Transfer
866,2025-10-31,C0125,P023,S09,E011,3,424.36,0.1,1145.77,804,341.77,Mobile
867,2025-03-08,C0017,P036,S05,E020,2,296.82,0.0,593.64,434,159.64,Mobile
868,2025-12-03,C0148,P018,S02,E005,7,466.54,0.1,2939.2,1946,993.2,Mobile
869,2025-08-19,C0142,P026,S05,E014,9,17.83,0.15,136.4,144,-7.6,Transfer
870,2025-02-12,C0029,P044,S02,E015,5,218.87,0.05,1039.63,675,364.63,Cash
871,2025-10-10,C0031,P012,S06,E013,8,317.68,0.1,2287.3,1648,639.3,Cash
872,2026-06-02,C0023,P023,S08,E011,3,424.36,0.15,1082.12,804,278.12,Cash
873,2025-04-12,C0142,P010,S04,E016,6,50.88,0.0,305.28,228,77.28,Card
874,2025-02-15,C0043,P043,S01,E001,8,136.26,0.1,981.07,616,365.07,Mobile
875,2025-09-09,C0091,P028,S03,E003,6,442.13,0.1,2387.5,1596,791.5,Card
876,2026-01-02,C0112,P037,S05,E007,1,422.5,0.05,401.38,285,116.38,Card
877,2026-06-24,C0048,P010,S03,E008,4,50.88,0.15,172.99,152,20.99,Mobile
878,2025-11-28,C0042,P038,S06,E018,3,176.65,0.1,476.96,339,137.96,Transfer
879,2025-06-20,C0073,P014,S01,E005,4,287.52,0.05,1092.58,796,296.58,Card
880,2025-02-23,C0090,P031,S08,E005,1,106.32,0.15,90.37,83,7.37,Mobile
881,2026-01-02,C0189,P047,S03,E003,4,165.58,0.05,629.2,588,41.2,Transfer
882,2025-02-19,C0133,P012,S05,E005,6,317.68,0.1,1715.47,1236,479.47,Mobile
883,2026-03-04,C0157,P029,S02,E001,1,162.04,0.15,137.73,112,25.73,Cash
884,2025-01-30,C0198,P050,S04,E012,1,477.56,0.0,477.56,285,192.56,Card
885,2025-02-20,C0057,P018,S05,E007,8,466.54,0.0,3732.32,2224,1508.32,Card
886,2026-01-16,C0137,P010,S04,E005,4,50.88,0.05,193.34,152,41.34,Cash
887,2026-04-21,C0170,P028,S08,E001,6,442.13,0.05,2520.14,1596,924.14,Mobile
888,2026-04-11,C0082,P035,S10,E012,2,79.96,0.0,159.92,104,55.92,Transfer
889,2025-05-08,C0028,P043,S08,E011,7,136.26,0.05,906.13,539,367.13,Card
890,2025-01-22,C0130,P019,S08,E001,2,186.03,0.15,316.25,252,64.25,Card
891,2025-11-08,C0016,P017,S08,E016,5,146.38,0.1,658.71,515,143.71,Cash
892,2025-01-01,C0128,P020,S10,E014,10,392.13,0.05,3725.24,2260,1465.24,Cash
893,2026-02-02,C0173,P010,S09,E017,4,50.88,0.0,203.52,152,51.52,Cash
894,2025-01-07,C0006,P050,S04,E017,10,477.56,0.1,4298.04,2850,1448.04,Mobile
895,2025-01-06,C0055,P028,S10,E014,5,442.13,0.1,1989.58,1330,659.58,Card
896,2025-05-13,C0139,P012,S10,E009,8,317.68,0.0,2541.44,1648,893.44,Cash
897,2025-04-08,C0013,P036,S08,E020,2,296.82,0.15,504.59,434,70.59,Mobile
898,2026-05-16,C0065,P011,S03,E002,3,299.96,0.0,899.88,552,347.88,Cash
899,2025-03-15,C0047,P012,S06,E015,9,317.68,0.15,2430.25,1854,576.25,Card
900,2025-09-21,C0177,P022,S05,E016,8,30.64,0.1,220.61,168,52.61,Card
901,2025-06-30,C0063,P021,S02,E013,5,78.84,0.0,394.2,240,154.2,Cash
902,2025-04-12,C0065,P038,S04,E006,2,176.65,0.1,317.97,226,91.97,Transfer
903,2025-04-12,C0083,P011,S09,E018,2,299.96,0.15,509.93,368,141.93,Cash
904,2025-03-31,C0135,P046,S10,E004,8,17.63,0.15,119.88,88,31.88,Mobile
905,2025-09-20,C0098,P036,S08,E016,10,296.82,0.15,2522.97,2170,352.97,Mobile
906,2026-01-21,C0086,P033,S01,E003,7,126.43,0.0,885.01,770,115.01,Card
907,2025-01-31,C0022,P018,S07,E017,8,466.54,0.15,3172.47,2224,948.47,Transfer
908,2026-06-01,C0168,P029,S01,E015,1,162.04,0.0,162.04,112,50.04,Card
909,2026-02-21,C0020,P006,S09,E020,8,421.8,0.1,3036.96,2016,1020.96,Card
910,2026-05-19,C0199,P048,S07,E013,7,310.27,0.1,1954.7,1575,379.7,Cash
911,2025-06-25,C0197,P038,S07,E018,10,176.65,0.0,1766.5,1130,636.5,Card
912,2026-05-22,C0191,P036,S03,E011,5,296.82,0.05,1409.89,1085,324.89,Cash
913,2025-01-20,C0080,P007,S01,E018,3,107.51,0.15,274.15,273,1.15,Cash
914,2025-06-10,C0106,P022,S05,E012,5,30.64,0.15,130.22,105,25.22,Transfer
915,2025-07-10,C0135,P043,S10,E007,6,136.26,0.1,735.8,462,273.8,Cash
916,2025-09-16,C0031,P033,S04,E002,10,126.43,0.05,1201.08,1100,101.08,Card
917,2025-04-28,C0139,P001,S09,E008,9,24.41,0.15,186.74,126,60.74,Card
918,2025-06-19,C0011,P008,S06,E001,7,216.88,0.15,1290.44,973,317.44,Transfer
919,2026-01-13,C0064,P005,S10,E002,3,119.18,0.05,339.66,243,96.66,Mobile
920,2025-08-08,C0161,P016,S04,E016,3,95.32,0.1,257.36,258,-0.64,Transfer
921,2025-08-18,C0193,P012,S03,E003,5,317.68,0.15,1350.14,1030,320.14,Card
922,2026-01-21,C0044,P043,S01,E004,8,136.26,0.05,1035.58,616,419.58,Cash
923,2026-05-26,C0193,P026,S08,E001,1,17.83,0.0,17.83,16,1.83,Mobile
924,2025-10-10,C0188,P046,S07,E016,5,17.63,0.1,79.33,55,24.33,Cash
925,2026-01-22,C0112,P037,S04,E008,2,422.5,0.1,760.5,570,190.5,Card
926,2025-07-31,C0026,P041,S06,E009,2,262.34,0.1,472.21,316,156.21,Card
927,2025-12-26,C0041,P002,S02,E004,4,274.71,0.1,988.96,980,8.96,Card
928,2025-03-09,C0011,P027,S06,E020,5,144.07,0.05,684.33,475,209.33,Mobile
929,2025-03-20,C0194,P024,S08,E015,4,293.47,0.1,1056.49,992,64.49,Transfer
930,2026-06-19,C0005,P025,S09,E003,5,345.2,0.1,1553.4,1480,73.4,Card
931,2025-01-28,C0064,P045,S04,E014,3,321.9,0.0,965.7,618,347.7,Transfer
932,2026-01-20,C0135,P003,S09,E001,3,303.16,0.0,909.48,657,252.48,Card
933,2025-06-13,C0081,P023,S04,E011,2,424.36,0.05,806.28,536,270.28,Card
934,2026-02-06,C0184,P008,S06,E002,5,216.88,0.1,975.96,695,280.96,Mobile
935,2026-04-18,C0040,P014,S07,E013,4,287.52,0.0,1150.08,796,354.08,Card
936,2025-09-01,C0127,P010,S08,E013,6,50.88,0.1,274.75,228,46.75,Cash
937,2026-05-08,C0087,P046,S01,E015,8,17.63,0.1,126.94,88,38.94,Mobile
938,2026-05-15,C0182,P021,S05,E002,10,78.84,0.15,670.14,480,190.14,Mobile
939,2025-11-06,C0166,P011,S03,E015,4,299.96,0.0,1199.84,736,463.84,Card
940,2025-11-06,C0186,P049,S07,E001,5,328.89,0.05,1562.23,1480,82.23,Card
941,2025-01-15,C0075,P031,S05,E018,10,106.32,0.15,903.72,830,73.72,Transfer
942,2025-02-17,C0146,P033,S09,E002,2,126.43,0.15,214.93,220,-5.07,Card
943,2026-02-09,C0083,P045,S05,E016,8,321.9,0.05,2446.44,1648,798.44,Transfer
944,2026-02-10,C0104,P025,S08,E018,5,345.2,0.05,1639.7,1480,159.7,Card
945,2026-04-03,C0020,P016,S07,E002,4,95.32,0.15,324.09,344,-19.91,Cash
946,2025-07-21,C0028,P030,S01,E016,4,388.69,0.1,1399.28,1200,199.28,Card
947,2025-11-20,C0011,P016,S09,E009,1,95.32,0.05,90.55,86,4.55,Card
948,2026-06-24,C0017,P035,S10,E006,4,79.96,0.15,271.86,208,63.86,Transfer
949,2025-01-15,C0184,P023,S01,E019,1,424.36,0.05,403.14,268,135.14,Card
950,2025-05-24,C0045,P021,S07,E019,3,78.84,0.1,212.87,144,68.87,Cash
951,2026-06-03,C0166,P050,S01,E007,1,477.56,0.1,429.8,285,144.8,Cash
952,2025-03-17,C0044,P046,S05,E017,8,17.63,0.15,119.88,88,31.88,Cash
953,2025-07-25,C0047,P024,S06,E004,7,293.47,0.1,1848.86,1736,112.86,Transfer
954,2026-06-16,C0029,P011,S01,E009,5,299.96,0.05,1424.81,920,504.81,Card
955,2025-07-23,C0128,P003,S06,E013,4,303.16,0.05,1152.01,876,276.01,Mobile
956,2025-03-18,C0120,P039,S05,E016,2,258.64,0.1,465.55,324,141.55,Cash
957,2026-05-05,C0178,P026,S01,E008,1,17.83,0.1,16.05,16,0.05,Card
958,2025-04-09,C0060,P017,S01,E010,1,146.38,0.15,124.42,103,21.42,Transfer
959,2025-10-10,C0072,P043,S03,E008,2,136.26,0.0,272.52,154,118.52,Card
960,2026-02-26,C0113,P007,S01,E001,8,107.51,0.0,860.08,728,132.08,Transfer
961,2026-05-15,C0014,P043,S08,E011,7,136.26,0.1,858.44,539,319.44,Mobile
962,2025-10-15,C0093,P030,S04,E003,1,388.69,0.05,369.26,300,69.26,Card
963,2026-02-09,C0139,P004,S09,E019,10,45.02,0.1,405.18,290,115.18,Transfer
964,2026-01-11,C0125,P039,S03,E020,9,258.64,0.1,2094.98,1458,636.98,Card
965,2025-04-17,C0193,P025,S02,E006,7,345.2,0.05,2295.58,2072,223.58,Cash
966,2026-04-11,C0136,P036,S10,E003,1,296.82,0.0,296.82,217,79.82,Card
967,2025-07-07,C0189,P033,S07,E003,6,126.43,0.05,720.65,660,60.65,Mobile
968,2026-05-09,C0198,P027,S06,E013,2,144.07,0.0,288.14,190,98.14,Card
969,2025-05-23,C0154,P001,S04,E013,10,24.41,0.1,219.69,140,79.69,Transfer
970,2025-11-13,C0113,P022,S04,E019,4,30.64,0.0,122.56,84,38.56,Mobile
971,2025-02-24,C0042,P021,S04,E016,3,78.84,0.1,212.87,144,68.87,Card
972,2025-12-19,C0123,P010,S09,E014,1,50.88,0.15,43.25,38,5.25,Card
973,2025-01-16,C0040,P042,S08,E020,4,302.99,0.0,1211.96,948,263.96,Card
974,2026-02-08,C0032,P034,S09,E003,8,198.57,0.1,1429.7,1056,373.7,Cash
975,2025-07-23,C0176,P020,S07,E010,6,392.13,0.05,2235.14,1356,879.14,Mobile
976,2026-01-22,C0105,P022,S01,E002,5,30.64,0.05,145.54,105,40.54,Card
977,2025-11-26,C0196,P015,S07,E009,6,316.6,0.15,1614.66,1284,330.66,Mobile
978,2025-05-12,C0179,P036,S07,E012,7,296.82,0.05,1973.85,1519,454.85,Transfer
979,2026-05-28,C0112,P048,S01,E012,10,310.27,0.1,2792.43,2250,542.43,Cash
980,2025-08-06,C0191,P007,S10,E012,6,107.51,0.0,645.06,546,99.06,Card
981,2026-05-27,C0144,P031,S03,E014,9,106.32,0.1,861.19,747,114.19,Transfer
982,2025-06-20,C0047,P003,S10,E012,6,303.16,0.0,1818.96,1314,504.96,Mobile
983,2025-05-06,C0083,P010,S01,E014,8,50.88,0.05,386.69,304,82.69,Card
984,2026-03-07,C0071,P050,S02,E018,8,477.56,0.1,3438.43,2280,1158.43,Card
985,2025-02-09,C0200,P050,S01,E018,8,477.56,0.0,3820.48,2280,1540.48,Card
986,2026-05-26,C0172,P037,S06,E007,4,422.5,0.0,1690.0,1140,550.0,Card
987,2025-11-03,C0161,P034,S05,E004,2,198.57,0.0,397.14,264,133.14,Card
988,2026-03-10,C0085,P050,S01,E017,6,477.56,0.15,2435.56,1710,725.56,Transfer
989,2025-08-16,C0041,P033,S10,E019,2,126.43,0.15,214.93,220,-5.07,Card
990,2026-04-27,C0074,P019,S05,E004,9,186.03,0.1,1506.84,1134,372.84,Transfer
991,2026-06-23,C0192,P011,S10,E006,3,299.96,0.05,854.89,552,302.89,Mobile
992,2026-02-12,C0060,P026,S03,E014,5,17.83,0.15,75.78,80,-4.22,Card
993,2025-09-07,C0056,P013,S03,E010,9,182.89,0.1,1481.41,1233,248.41,Cash
994,2025-04-29,C0167,P045,S05,E001,2,321.9,0.05,611.61,412,199.61,Card
995,2025-02-27,C0032,P032,S10,E002,7,426.8,0.15,2539.46,2093,446.46,Card
996,2025-10-27,C0062,P049,S03,E016,8,328.89,0.15,2236.45,2368,-131.55,Card
997,2025-09-15,C0135,P031,S07,E015,10,106.32,0.05,1010.04,830,180.04,Transfer
998,2025-02-03,C0034,P049,S09,E005,3,328.89,0.05,937.34,888,49.34,Cash
999,2025-06-28,C0184,P038,S01,E012,9,176.65,0.1,1430.87,1017,413.87,Mobile
1000,2025-08-26,C0084,P031,S03,E007,9,106.32,0.05,909.04,747,162.04,Card
